index,p_target_flag,p_target_amt
3,0.154921657990632,5655.647852115079
9,0.34779894290536717,5541.819111288405
10,0.1378668998714203,4522.897564522605
18,0.26070094619589634,4864.931747430067
21,0.23717423048702302,5512.9636942416655
30,0.22818263539780398,5371.899084225701
31,0.38893872199139257,4616.49632005005
37,0.331022519650599,5512.6194679337095
39,0.03343653866469708,5690.966655299124
47,0.16402015453442864,6056.719341894114
60,0.026530751943804467,5303.063068218546
62,0.5504636013569165,5336.9994369053575
63,0.8522218897034884,4875.621582624487
64,0.07688074181290518,4703.364400171151
68,0.034384889216074306,4817.7008303549865
75,0.60691563905895,5161.035681060759
76,0.7754651350640575,3585.3372092082486
83,0.16952255609071243,5231.913005668372
87,0.6220519504197438,4585.426316553207
92,0.4446046162558966,5116.416824817158
98,0.1164183025842639,5269.898289626088
106,0.38010263763693974,4421.701269488125
107,0.061666109756141674,5246.947872331555
113,0.344472237152848,5170.681474524953
120,0.28849776204562994,4577.7746441328745
123,0.40275234872256366,4814.050072611753
125,0.5225366347287622,4962.0772785749605
126,0.5148438072191269,5664.796298401957
128,0.08549868114498434,4860.9484765863635
129,0.15171444039981502,5094.462379852001
131,0.15579080127939524,4683.225678277464
135,0.48551183279166465,5554.272127762185
141,0.04974577065055905,5016.241571853017
147,0.19139799181274475,5040.857810058904
148,0.17688199068075594,5088.115382814472
151,0.04072654122662354,5244.314562451003
156,0.14392069111238184,5209.54459521366
157,0.1722778563942926,5301.641851983179
174,0.05968619264188169,4541.140783802557
186,0.6086541690441083,5015.191437659536
193,0.27739023300208043,4450.8950100519505
195,0.5412109073244262,5093.510421491295
212,0.011479638470877945,5533.29284709077
213,0.49652569934857516,5690.040695561251
217,0.005695771596737012,5197.969418346933
223,0.24559510051914446,4219.949563270551
226,0.0994584339983984,4836.713237903143
228,0.27771932715490283,5339.655170322385
230,0.019326149719096446,5663.794655596033
241,0.6448258248635946,4736.2712554931895
243,0.15183675883481518,4182.65871594917
249,0.37119524801790604,5990.190850537185
281,0.7417478807827326,5009.399128308909
288,0.07930165320685668,5258.667530817665
294,0.4079169393345439,4433.709102060231
295,0.18529025251257347,5153.845755124261
300,0.4824308799050476,5830.754767535247
302,0.37217816676374404,5459.320995653709
303,0.07757235332257091,4615.141158777968
308,0.5698773063621697,4344.022175650982
319,0.009091511782437733,4523.7607492980405
320,0.06087058008102446,4942.623902896994
324,0.4425381423200289,5396.582195151218
331,0.18246654857433353,5851.75921718971
343,0.054922345753504805,4772.696869653451
347,0.4586699334347135,3569.792671583144
348,0.8250333019122008,4584.627645035176
350,0.5670604585557312,5877.924944060192
357,0.12855484246409726,5377.96808186197
358,0.06869405734265227,5731.99497098352
360,0.03514305528495618,5088.644572449002
366,0.28394937472949955,5367.042464325757
367,0.675287187003401,4948.884222326719
368,0.27007186685301576,4194.5087325006025
376,0.6647313293587588,4826.9068278703635
380,0.3303570611004001,5297.721991896366
388,0.33609570515580073,4821.754525162118
396,0.1988221636840364,5358.623307146547
398,0.17129795757539346,4717.200638587883
403,0.045638103072254466,4366.469483525925
410,0.6309957105547376,4294.65504295808
412,0.31609206356007646,5468.591673567454
420,0.3501881518419113,5316.136986934245
434,0.04059120352542209,4989.666092578505
440,0.45161125964816423,5135.366996351113
450,0.5975530537806023,5307.132692347324
453,0.3282106627323302,4964.04303766856
464,0.4417776656563034,5608.249819964405
465,0.041522330530220926,4975.978975276485
466,0.7595792237468859,5159.885249944657
473,0.08806422257699073,5106.6801133286335
476,0.09762047706704877,5003.199417283351
478,0.11131667937682749,5355.502972715241
479,0.17992674680300338,5266.000339316175
493,0.036603929750347944,5091.443195041127
497,0.16012138111393456,5538.186546188719
503,0.008885335511962468,4866.572924098929
504,0.28820051819937204,5642.8371488269595
505,0.34585761599600634,5565.668495754188
507,0.16663956177847147,4631.246634558576
513,0.3586633786625679,3964.370871031166
519,0.4672003724795134,5325.417440666901
521,0.5623202214392754,4936.224865113534
522,0.5853232121127689,5544.419067461982
545,0.0817065957547231,5394.592983968874
549,0.0898289205949356,5567.412571898975
551,0.17698238035489722,5057.8416924840885
556,0.07194135553584723,4832.827388399911
557,0.505895584270993,5410.387677567683
559,0.2626927679617405,5060.009781919298
560,0.7137262641433935,5313.5390905996
566,0.04102307901064468,3604.0751509933552
569,0.2125287928084736,4675.799082364141
573,0.2619467810169913,4826.2392270031505
578,0.6217839651048604,5110.760475173644
579,0.03692331213581992,4544.867318523857
582,0.01800022245808777,4836.205558869384
596,0.6942319873659266,4775.5769798234305
598,0.5837985652653889,4073.0619729336
599,0.22467002040909437,5216.984874139367
602,0.23074915945137775,4469.239694415762
605,0.8020996905199871,4783.075720705792
617,0.6043829830292905,5034.322582747489
619,0.5109355176641454,4848.668194054162
630,0.1980453335465416,5109.349346923424
634,0.47543910696218994,4400.57297514514
643,0.36120885516830353,4387.727113818008
645,0.16475371628035992,4451.6780824571415
647,0.3312559453444569,4971.127660221198
649,0.08025735393952875,5087.49675812896
656,0.10608755771829913,4868.2368801793145
657,0.16950232165037624,5750.15297501027
658,0.27110935815435827,4057.0374739426293
667,0.05912695621043887,4436.408325269036
692,0.14590470724719723,5699.676516201776
693,0.2764215531365895,5527.916776554324
698,0.7779041405467255,5471.381196284406
699,0.5834156472708487,5717.77604949833
700,0.05390828851760435,5319.501340962732
704,0.14043087485752917,4038.7085988784092
707,0.07346351064098121,4182.65871594917
708,0.7425795663775043,4961.6571868467045
709,0.07862461358690248,5088.115382814472
713,0.12232827569129355,4228.994766556059
714,0.06344448772816606,4809.3304714641945
716,0.7125140891778655,3585.3372092082486
718,0.09970186071693268,5407.8472255755705
722,0.07913720776051392,5121.390991336248
729,0.44786431597952053,6155.6185472603765
731,0.022555276591020423,4813.527109363691
733,0.5131272778219186,5622.72902860362
746,0.2552614297711891,4806.97828581606
747,0.7114474938637652,5406.581078847038
748,0.5010231062856685,4158.392844299502
753,0.31085056985128307,5700.216127023441
757,0.3543980898953375,4870.141268051946
763,0.040009020118314496,5474.259140677862
767,0.18182591203522774,4562.506041886534
774,0.5143695508442716,5003.267806707481
776,0.5039056481064332,5368.241383406455
788,0.2560874230426003,5041.614703235855
794,0.2340054355262393,4208.490654164649
799,0.29299342408011697,5183.888036486589
803,0.18505704963839995,4009.116263920903
806,0.5588246687370458,5923.510811614892
807,0.1984089954341857,5354.76631103681
811,0.03192905825376791,5472.073377592453
816,0.18222265731315326,5418.954358007193
818,0.34767037523879496,5206.489384920726
819,0.1524801263740404,5060.009781919298
831,0.09951510843643892,5382.811720066451
835,0.4891962029040264,5470.492881418619
837,0.2157964922281744,5602.075943196767
841,0.8879486032654105,5911.200524158234
846,0.2995294195997702,5142.084842269089
856,0.3690136035434835,4222.3385533122
861,0.5163509770869004,5679.46100858319
862,0.5333502086289506,4484.777602606848
863,0.7893845380785895,5996.46850963967
865,0.7359837886919243,4576.318755057107
871,0.508976006414944,4997.383426135068
879,0.2337932178103832,5742.442682381934
880,0.12283368074238124,4391.409932529619
881,0.25872609992892226,5261.539702707301
885,0.4296581322451893,5976.51012251655
887,0.3336401233738024,5140.6824590328115
892,0.0494947489127794,4892.9558959385395
898,0.04628913163492629,4158.392844299502
900,0.1562362368926074,5399.271854550562
904,0.3342129381893168,6053.795510638764
906,0.5776801782041724,4208.490654164649
910,0.7678932425775324,4637.129884348211
912,0.29825164438202134,5777.73550765295
913,0.38448075175379404,4340.861685590484
919,0.08780604624153909,5096.632691079974
924,0.49093014731566653,4596.920928361892
925,0.44120107684792886,5315.045744770245
930,0.17892928830764065,5011.4859414958355
940,0.18683924701989474,4873.19938929976
941,0.18654413129636707,5494.681660331507
946,0.25322680525877844,5327.449317331606
949,0.382194015683041,4832.642332102296
951,0.07500294821139336,5362.4221785431855
962,0.04492050891744128,4955.013251285978
966,0.07701210482500433,4275.859569005013
967,0.016679858481051326,4887.276780592041
971,0.8125115571204768,4710.9980863966675
981,0.027738434949637104,5836.005882979376
982,0.0569155336888194,4684.588418647752
983,0.07969821754373164,4991.040224205004
984,0.034373300069791925,5320.652355597094
989,0.17927733432406973,5271.871068279865
990,0.5767036066659784,5191.072916240744
992,0.5158280327881772,4789.27817975349
995,0.07720785998894437,3476.183732967961
996,0.3998726950418452,5828.014368785864
998,0.40878664620783,5028.863946760521
1001,0.07106788470478587,4511.1487476743605
1007,0.14919997913906244,5221.028238544042
1008,0.06237128154032572,5485.3988566161515
1016,0.0465975561097842,5126.215814898496
1022,0.028692678789667816,5019.903720316648
1027,0.4485779753912615,4985.2281732189895
1032,0.4301219541113239,5072.444958164886
1033,0.17663213717231058,3476.183732967961
1041,0.20841658470925603,5020.095467141044
1065,0.6061974293295852,5182.37080311838
1074,0.46148669280495436,4760.976419096391
1075,0.340922389223366,5098.436587969316
1081,0.12901584409861996,5392.75990778161
1094,0.04391500632131205,5081.677911412744
1099,0.04041361485836544,5402.527024559079
1105,0.3736022391653782,5501.504785135761
1123,0.0805075118351321,5341.9979800483925
1135,0.00961216332121191,5089.374224778616
1142,0.25363914208349986,4494.332421479743
1155,0.0554371021078961,5129.634792828921
1169,0.019085273596788816,5108.628505151888
1176,0.029071567230978933,5176.063262436664
1178,0.6566372904144154,5410.195943936287
1180,0.02870861343890003,5002.485808735235
1184,0.1159374461740222,5405.692716467602
1185,0.6445912448345638,5111.100133806473
1193,0.23315970632920546,5224.524109105369
1196,0.21582236566508103,5203.279624376577
1199,0.3617250868679238,4978.614683157571
1203,0.20651590158738956,4778.65444742161
1205,0.3999536969863148,4443.448822140184
1207,0.04092171504326194,4678.271764866302
1208,0.5334614885222012,5122.585184761118
1212,0.6284801660349634,4477.801467390809
1213,0.6032305795769145,4923.892803401799
1222,0.07431585236604629,5480.168309207078
1223,0.2501240512322332,4699.826550319873
1226,0.364866957128441,3993.117718081716
1227,0.17533403081295143,4653.587604695385
1229,0.1159849675911546,4559.683780652866
1230,0.35065752705237657,5693.452802822903
1231,0.5062065138968728,4632.24201160154
1241,0.059791901301584814,5349.8250289444695
1243,0.05546588147763346,4825.858467836229
1244,0.13881952215143595,5194.7993152655035
1246,0.141355594384428,3787.9023214667436
1248,0.14747363681308806,5229.156269129646
1249,0.119563135620109,5338.0772633008655
1252,0.05171890250327268,4856.254203627617
1261,0.11944391477343254,5105.2528285866465
1275,0.11318145388512692,5207.089054193946
1281,0.8490629318637137,5733.656238326496
1285,0.4080261946721914,4261.895910421252
1288,0.5256787697358039,5235.736488169569
1290,0.038600746760713296,5692.931104811097
1291,0.2567954658756259,5396.77897613557
1304,0.7212332517120308,5430.304980971312
1305,0.0689978729582663,5416.34640020943
1323,0.26384626818562956,5949.554304615839
1342,0.5373733043196773,5758.287926603896
1348,0.25470527258087805,5350.85512270644
1353,0.25949931505650065,5102.748648812896
1363,0.23761963749790135,5017.553354639257
1371,0.22408998066304442,5483.14547664744
1372,0.24974591532947327,5682.489924153787
1378,0.2929051190277798,4516.585392336376
1381,0.36612199879148255,4892.26540227256
1382,0.4218484166961716,4322.400150525997
1393,0.5670723577034628,4272.681557119746
1394,0.020835063076895765,5280.929644513586
1398,0.3813135005561922,4619.8737482468605
1404,0.5589225446076065,4522.897564522605
1405,0.7502313455664573,4601.345691197474
1419,0.26854371441364666,5255.597132140672
1421,0.17795838403309355,4284.270226170864
1426,0.09258042439612696,4497.654811072927
1431,0.5191271015532334,4431.773664688277
1435,0.026939691885268846,5920.954159899818
1437,0.37838456019017697,4474.0255221928255
1438,0.21509271741486283,5066.1179343814
1442,0.5417475242092616,5536.945160985698
1464,0.09368669446210234,4827.00919549454
1471,0.4918359490272409,4436.931674037046
1473,0.19724472336734605,5153.351608644536
1476,0.04295844757210573,4649.016620823156
1478,0.28310456531934164,4072.3660065381287
1479,0.5822010523853126,6011.39998228691
1487,0.5584436625136018,4513.775247706566
1492,0.28493749759368664,4413.855758378113
1496,0.08848134496895932,5189.865612870127
1497,0.5746763942130312,4299.257036394258
1515,0.018772370663133357,4957.571273707257
1519,0.1278262436586399,5562.99059595396
1522,0.6913925497040556,5559.798454916437
1526,0.35119836077755445,4304.900648888472
1537,0.044450190971146664,4889.648208982908
1538,0.8975293373373157,4919.893758039415
1540,0.2240338477866878,5393.628936592941
1543,0.10780998247904366,5140.617225667715
1548,0.27127322328808795,4962.753061400788
1549,0.11830149287550984,5035.257770910826
1556,0.6586789307549289,5261.036851286564
1564,0.01670459807366469,4813.003788044223
1570,0.20263223085852078,4870.467509632574
1577,0.5577970317579842,4389.590144152731
1585,0.1916397914562587,4836.902929182845
1590,0.2152907818675148,4338.6874496483815
1592,0.6475449674673494,5090.726830140202
1594,0.30509401684657994,5491.519324220358
1596,0.5702888664056145,5305.431009561293
1598,0.19773098695463628,3073.771537106672
1603,0.43804961488665417,5418.356158814775
1607,0.39825356006524953,3073.771537106672
1612,0.0678622723972829,5382.26079961717
1627,0.044451291043277004,4471.574496819567
1629,0.7495456589752648,5233.968889441789
1630,0.1372223265031056,4623.236317494635
1640,0.3268833854315155,5844.496501074492
1641,0.3100747276057923,4940.895206069617
1646,0.1322172047253703,5826.325794472011
1662,0.5751848760722919,5263.597453736227
1668,0.18989652410676866,5742.04835538135
1671,0.05138871697708278,4845.39957571307
1672,0.5567427512909058,4158.072922327325
1673,0.49081956374809677,5784.717110989985
1686,0.34352926855214044,4464.273490215437
1688,0.7097515959742738,4717.743497787347
1696,0.023083607275245853,5188.419388761789
1701,0.03933960396433854,4080.599236139255
1707,0.12953780221529024,5165.000376037686
1708,0.09199370663162756,5309.617292532643
1713,0.06984942564488611,5192.027738094791
1715,0.12193682021895913,4809.520398317845
1717,0.032864706406957045,4478.904118058112
1721,0.25308102369425955,5411.259547542468
1724,0.7850385684613636,5560.798999260296
1725,0.731692487595494,5406.205392126732
1730,0.11369415520837058,4889.411361558079
1731,0.7846482171032462,3408.635443233909
1734,0.3808644094276793,5144.886580100996
1740,0.12018541633031093,5373.298576457841
1748,0.024921099766395692,5150.231324221186
1749,0.046753950291937366,5089.374224778616
1750,0.6580494341047499,4866.586100364327
1763,0.18226092011586917,4984.287073802163
1768,0.05482108443618133,4811.956069227352
1773,0.6069932660471966,4231.239439996825
1777,0.14570947961644595,4995.537481270356
1778,0.4026483926635581,6017.549738415926
1780,0.1415975497727502,4187.420792146995
1782,0.4316926741762008,4251.15025281369
1784,0.07419408215914085,5183.59925028957
1786,0.17792319230709083,4948.856119334241
1787,0.14928525745328497,5037.319142091554
1792,0.2971259748369447,5669.595903615698
1800,0.5690379659346774,6048.668459943839
1801,0.18944603254522782,5244.005347297699
1803,0.10744887200678763,4138.409725465157
1804,0.5938772695603849,4670.216121018414
1807,0.022741223739495133,5495.325109863454
1818,0.19763525363767487,5765.172067626434
1821,0.02666706097616281,5407.496643019527
1822,0.09801970543492418,5434.9168437337175
1828,0.06041482512540859,5585.099254398334
1833,0.27050536210597387,4866.586100364327
1844,0.3450323784041075,5257.155028370436
1847,0.3666188064168459,4122.088569228548
1850,0.05886403740625209,4953.976282917503
1854,0.28636566190260987,5064.3225888225625
1858,0.31231316905512774,5102.4350132474265
1864,0.1825330960496196,4038.5164561479546
1867,0.07115755926574935,4569.737039598345
1876,0.6000464000581556,3960.2221908927354
1880,0.2832805521497118,5562.109440426203
1881,0.10368763758471121,4952.964709831498
1891,0.2500475769666843,4525.636739354302
1894,0.1728357217258188,5294.711518240869
1895,0.04535184832291286,4713.6318659224235
1901,0.3458870693287706,4871.33956838059
1905,0.0645602836284774,5313.887494751836
1912,0.26512107619015496,4814.050072611753
1918,0.3290714945374441,4882.989579064493
1921,0.44241367010380667,4566.944115392875
1923,0.36785281229964445,5309.070379623996
1924,0.20643829010598166,5085.352489438765
1931,0.05802144716456739,4778.74322864327
1941,0.07702394922431366,4581.166198467548
1950,0.09233555460816763,5217.95253718128
1951,0.1552872397118488,4544.123463713586
1954,0.014390778390658221,4762.280558403308
1961,0.34474444153932887,5883.080261155145
1966,0.010642660669285884,4672.758736549251
1979,0.10497110169031905,5043.152119452321
1982,0.04793398464406052,5444.789152207385
1987,0.7949529461930555,5057.8416924840885
1997,0.24663998637523601,5615.3940595674685
2004,0.027190267085813683,5184.243694473806
2011,0.5736945983792131,4527.292884655004
2015,0.39032510447280666,3137.717246119369
2025,0.015005740468261971,5161.661249044362
2033,0.42168205579305795,4440.928652009244
2034,0.006136152140957723,5336.886963821842
2035,0.1208456432557517,5346.69983822237
2036,0.49645673361849835,4595.494997719574
2053,0.643016896650004,5292.316230218314
2059,0.745408980124943,5602.150558703256
2060,0.02390238377327045,5675.210891474584
2073,0.24788038357075415,4809.3304714641945
2084,0.41655310637460274,4468.195136115684
2089,0.08714068144012131,4813.558948852756
2092,0.25198212536202386,4445.90927314745
2109,0.4249193466611663,4525.484067015456
2129,0.3526931382614448,5457.114007957536
2134,0.40230175205017715,4702.219548286828
2135,0.017848107369633496,5151.494495242143
2148,0.016698682750514546,5095.548305808612
2149,0.02497122622488552,4306.933391462255
2150,0.24988990050742999,4874.307403440294
2165,0.7900366571720098,5728.795740183345
2166,0.03461779022855056,4962.753061400788
2168,0.06442809199964507,5968.442781406233
2170,0.23967975617935255,4699.864172572086
2171,0.14788239651354093,5251.209650028813
2172,0.03363217704822085,5341.9979800483925
2176,0.12551875810971136,4573.327045058304
2182,0.08528109411669894,4133.331229988447
2189,0.16199906863492186,4200.953390958994
2191,0.05177086047610816,3905.358544866047
2197,0.02337433905895384,4591.02840958844
2202,0.12897798961938725,4858.391006178291
2203,0.19734854253843412,5896.173990752151
2204,0.587590929020368,5410.377989477928
2206,0.7014300590858565,5358.681323970991
2218,0.06742847382966342,5318.585308304731
2219,0.1748844265438267,5274.629158583419
2221,0.4439520389027322,5479.62364885087
2226,0.09094030289944358,5303.714654581303
2228,0.41862962327493736,5103.420474865726
2232,0.5520246019296589,5560.881329505252
2236,0.28697558578763943,5349.513295464078
2241,0.7906989753579632,5998.770890939498
2245,0.04321307380755664,5200.615589761649
2251,0.43453501120309823,4150.960266207898
2255,0.03667412326524952,4604.900128958598
2256,0.01326686259921348,5350.336945902034
2259,0.015516544950814892,5024.977181949369
2263,0.35852062420603564,3796.1996510605545
2264,0.03376372032469214,5475.316837611395
2267,0.0572066856671464,5253.70332518451
2273,0.7806423060222896,5364.593512294563
2277,0.5661342929930512,4586.817320383518
2287,0.14841897818254055,4588.223596322514
2289,0.562644098271499,5828.8208542534085
2291,0.10762578727371364,4915.717363535672
2296,0.7628207829417472,4507.702050252673
2299,0.08099385639986315,5500.453297447759
2306,0.05356110511950944,4666.5538791402
2314,0.31672999479222685,6035.5755050399775
2317,0.018681249949551778,5299.941864744185
2318,0.7053418783935322,5251.713074497664
2321,0.8370762480360577,4776.357876769667
2324,0.02896748046849842,4457.17110737742
2340,0.40660306208384445,4287.400513511131
2343,0.03729217841406471,5140.841044869272
2349,0.3935888953812522,3540.129441980658
2352,0.20452305404990592,6004.373867553112
2353,0.3552614110466706,4490.167848859221
2365,0.8460014823035924,3987.3293133412826
2370,0.6102197453957631,4730.234797327301
2378,0.23972893413035298,5356.952628847485
2390,0.511839894883648,5303.306939392323
2399,0.2162255236822671,5568.945555045759
2402,0.6833266253581377,5585.779646997563
2403,0.48922800024928353,5048.442966894124
2404,0.09431860265443191,5072.040499685143
2414,0.11119505026416722,4386.852311647106
2422,0.2895909133581877,4951.917740195227
2424,0.11415494530917641,5510.692557542921
2430,0.6191491165009412,5359.738275626146
2435,0.31989219463080526,4690.019596408856
2439,0.04966720727644115,4859.113149126636
2442,0.48395568472392947,5077.39816300231
2445,0.33305042055806566,5325.417440666901
2449,0.24420340304657034,5353.903861695808
2451,0.28391201116937975,4596.920928361892
2461,0.805798504590601,4763.781154332609
2464,0.13896069064239092,5289.213806554766
2465,0.43740607591679237,5885.818779682406
2472,0.053229388973772995,4386.64681574809
2476,0.3461854602550665,4809.010127749627
2482,0.21154052458010764,4908.35932107866
2487,0.2058874749715458,5546.648895178201
2498,0.29200962292367316,5039.8904843617365
2501,0.07513620744341828,5096.993811217673
2504,0.3298750085655165,3585.3372092082486
2511,0.26523208424980826,5539.15138424565
2518,0.021517049358761312,4155.923340512294
2521,0.13873428795227014,5817.451797385524
2530,0.09082711418843283,5299.6821971822665
2543,0.51306507428474,5469.719063167411
2545,0.42481549227594884,5034.463236624181
2561,0.3485116118899168,5605.112250873444
2566,0.5447739259938971,5497.9605016699015
2572,0.17427368213387098,4972.766988858655
2577,0.08192436574616234,5609.581572603756
2578,0.24085173482505418,5429.26363861362
2580,0.2696226802430689,5193.630938662024
2581,0.19896923312110884,5078.78151143
2582,0.05233130123183187,4833.152382676595
2584,0.02610878520824545,4887.227817712259
2590,0.0269982798264799,5133.992336345256
2598,0.006782432176587229,5106.32354194021
2602,0.16026062343469621,5411.636569887836
2605,0.0077675660557022476,5278.288553772178
2616,0.1787889239739474,5064.248358304901
2618,0.1748428701208815,5572.324708998047
2619,0.33737788704598093,5219.334613066521
2624,0.039340170655085334,4792.8473050071625
2632,0.19680058574055412,5055.448988134205
2640,0.16807601747942133,4977.170534890724
2646,0.021603498099456105,4474.84078707783
2651,0.10153257954138913,5467.679402020966
2660,0.040353167566980944,5019.148624911359
2661,0.031236618735447343,5661.213951078958
2668,0.057143346043295226,5118.425094105683
2670,0.30376078493363323,4997.6286200774675
2680,0.43753731632441384,4588.446474102535
2681,0.017214597121956953,5310.436928811969
2689,0.3228549501403141,3611.1565284565663
2694,0.059336303038205064,5723.694439770303
2695,0.7955551122443992,5808.817463578792
2696,0.40945984066627955,5603.743367768037
2702,0.047615157865981944,4094.127213314627
2704,0.1181618663005927,4455.215250345879
2708,0.05782210000542655,5151.000398132668
2709,0.035411233569177976,4865.1073229648555
2714,0.42241264418793045,4927.147058095015
2716,0.08392948930625845,5284.923931360843
2723,0.09758186282284532,4422.574268734634
2725,0.4462058585927879,4858.230444566325
2738,0.05154741488206251,5338.8976976314
2750,0.38065975520866596,5112.362747366367
2756,0.3149388257878765,4603.524231634334
2758,0.07307213222677159,4606.273553869447
2766,0.3249138969137396,3073.771537106672
2767,0.3206022076171311,4782.332245056839
2771,0.18772206518591644,3786.085076773693
2775,0.40070794736659177,4582.582900925479
2776,0.16480519744178276,5026.706273993774
2779,0.9453907950349187,5585.371304553652
2780,0.33667715513524454,4432.112019649381
2781,0.27886899478786953,5357.312809381223
2782,0.4602798756198642,4878.38978912503
2783,0.13459551046149015,4757.086771109945
2796,0.23271892085220075,4237.934175563974
2798,0.2784113931354282,4994.693766735724
2800,0.06594143274480986,4808.277701659699
2803,0.1250761600358621,4519.811806097579
2806,0.004629463095922085,5268.627165704167
2813,0.12278385726306401,5243.456864491797
2818,0.12232158405514892,5136.739188384361
2821,0.48739465722006203,4647.235977649216
2825,0.3216062637172594,4685.636137464624
2829,0.044286510105260204,4640.487118960458
2830,0.513547258781055,5143.7638771793245
2833,0.08312255176428844,5642.537829944253
2839,0.8692146324034458,3649.8991082222706
2843,0.06484425061179593,5472.0337586650985
2846,0.06285892758687113,5331.975818237361
2847,0.05243515383239324,5634.812991699353
2848,0.1247345734165077,5184.053726094993
2856,0.6958479053844077,4436.552038508862
2863,0.4420719358823086,4663.214752146877
2867,0.2892016661163268,4613.1039009998785
2869,0.2510658706361061,5075.370926755849
2873,0.00765735050919044,5251.123100900464
2874,0.4525696856226945,4133.331229988447
2875,0.6074431926322412,4346.620278915794
2880,0.5570231359825387,4517.301752093779
2886,0.6014300679015967,5530.147668569159
2887,0.2312948125257814,4420.480754976792
2888,0.24724546407378903,4668.189571906045
2889,0.5941559024995663,4248.87460098072
2890,0.4844701854355951,5198.477656179618
2892,0.2544122853878997,5475.325732611435
2901,0.16741075861773794,5036.958129247767
2902,0.12189578472753228,5553.43926274386
2905,0.29987740292955045,5349.2265470603
2917,0.3948166432819077,5446.267484013788
2922,0.519673206164467,5542.082342940879
2924,0.09371587755885319,4306.933391462255
2930,0.18061173735013658,5856.148920645901
2931,0.09385974253901637,5436.252992856924
2946,0.13889185608235477,4848.188235421082
2955,0.3604119280963688,5468.783013239668
2962,0.01401766292523638,5017.547973525874
2964,0.024422740497715305,5387.640369080279
2965,0.27711574997146676,5202.9102390914195
2967,0.01959937086498429,5366.509172756067
2970,0.07407084249187205,4773.248519448041
2973,0.4844971030968994,4249.763738907939
2974,0.27730102258286216,5347.198318147664
2976,0.6655845111349734,5664.581836037098
2977,0.31224103114106755,5485.4510640495155
2978,0.12415032956731062,5367.008777231244
2986,0.11735313168952836,4687.852768768213
2988,0.27849177824903365,4866.327730156529
2989,0.10892693583429958,4859.785141875891
2995,0.6769154267604355,6023.572408828691
3005,0.6371986175457461,5098.5326248687
3011,0.12332609534001118,4754.2653919105105
3013,0.04087846146000457,4747.765166272255
3019,0.5255094167547015,5031.993831919262
3021,0.020643666022707487,5448.694212128483
3022,0.4793783569254344,5932.7276273084135
3029,0.1779065389137981,4116.748763497288
3037,0.17147929593416242,5144.712732251292
3042,0.2583269556451674,4251.15025281369
3043,0.19966235424433487,5506.718452587089
3049,0.1726269980673881,5848.888922191414
3050,0.5915365067755904,5400.799492849301
3053,0.2080784436782875,4555.205979159124
3058,0.25623301398035764,5410.856256152943
3062,0.23261317356882097,4801.399122976538
3063,0.44321970120836196,5911.430688165868
3065,0.03978584625637833,4220.676557672585
3080,0.09048032187378101,4222.3385533122
3088,0.26749646330102816,5934.279809420024
3093,0.5446629385464705,5531.227424420293
3096,0.38430891678935863,5297.493868445752
3101,0.3812731782464845,5257.13366452284
3103,0.3698445489045116,4045.4540102690885
3107,0.377587039674136,4898.347817908267
3109,0.06756609022032072,5426.26387954396
3111,0.09591357278584564,4542.6335787248045
3113,0.8041440936199888,4475.474168794889
3116,0.00569250210681519,5049.325283810975
3132,0.1401008469172801,4672.758736549251
3141,0.21225124802635667,4973.861182962186
3153,0.24931400092903264,5158.032441560321
3154,0.03925565527886882,5320.4638117152535
3160,0.20791194330427032,5156.364004405266
3167,0.07068207832239239,4797.448758005345
3170,0.4582252327877596,5236.923721725132
3173,0.47415347190898943,4079.2331754409747
3174,0.31470473442846264,5157.691734912419
3177,0.1472269781269407,5440.901500096018
3179,0.19052174167721186,4546.957141013241
3184,0.39663507157963573,4750.115257530531
3190,0.2570900761839985,5205.524446160925
3193,0.03985589663168356,4812.480108162672
3199,0.4208819151693962,4255.880248169935
3201,0.08959221603984849,5742.442682381934
3202,0.20710798937929967,4944.901642668481
3203,0.6862227338466539,3521.3915001955515
3206,0.5991865232043271,4008.1092008600654
3209,0.04820922896684088,4873.167934426637
3210,0.45416779319478184,4531.365894207045
3217,0.23149200374153428,5311.490668314964
3220,0.15026816732370687,5468.938743327655
3228,0.2898242263883402,4998.599164508147
3232,0.019612691089734496,5225.313532349439
3239,0.10177223280549824,5550.605555343842
3243,0.4923412052425229,6060.51467111038
3245,0.13782759449163925,5129.853459314832
3246,0.370910984477771,5236.832422504907
3251,0.03118296039988902,4893.427256272458
3253,0.3439741661643002,3200.2760029108363
3257,0.08371894600811525,4646.368975107047
3260,0.016637399146219044,4767.714022004864
3261,0.22940712432410354,4579.746865177176
3263,0.2972478233300202,5152.219129651727
3278,0.20080206196623054,5961.468591743407
3281,0.20866913452463587,5110.591458607843
3283,0.05958986223852571,4170.62207730983
3290,0.028951121601533708,5312.4571309397015
3297,0.3522368928965912,4525.906370749255
3304,0.049876976769776815,4786.468455615648
3305,0.45608062134962246,5518.751173766659
3307,0.06910971017506976,4607.644515236532
3308,0.3356076706088174,5617.183891185945
3313,0.29141936744822233,5101.5999640632335
3314,0.22375984192490822,5151.8604859900715
3317,0.16108406848466864,5208.65046588555
3348,0.07488459134805517,5320.74361756028
3350,0.240110033641783,5333.406374374195
3359,0.02233587579468911,4583.875742282757
3367,0.07138629724458305,4496.530514175878
3376,0.0837369615970654,5292.53380885885
3378,0.25574469461992705,5232.661394668943
3384,0.7786353887233392,5171.294955076779
3386,0.12431768760677903,5144.087204355298
3387,0.1119467343485219,4548.376949140437
3388,0.11628782225467446,5398.016726620203
3390,0.04748275400098944,4692.475215411861
3391,0.4313951522059351,5104.874303127946
3396,0.28046176806600887,4967.818851313512
3398,0.03321837296092203,4464.3901528490405
3404,0.03132106859546394,5142.203452996902
3406,0.02244356741435504,5180.368853438307
3407,0.05155515404772337,4780.991670499062
3414,0.040124677703631956,5109.457716028445
3419,0.1601297879369369,4697.971680821729
3423,0.627613995531415,4813.813702488937
3427,0.04248965514096225,4236.82245063019
3432,0.043115304395925244,5570.050402842462
3434,0.04695946003727166,4718.386536044141
3438,0.042962489871767554,5289.972758798012
3442,0.19613631578333596,4588.223596322514
3443,0.04938352149149337,5419.559482218235
3448,0.06893135158222757,5123.955490931996
3456,0.06559804944019747,4752.750375612244
3464,0.14147530484542492,5055.067690666969
3470,0.7914963192731959,3265.608664144763
3475,0.4870454484859307,5551.343730473998
3477,0.4763130013368893,5541.546808324419
3490,0.07864851516827806,4656.715133187032
3493,0.3401058545752348,5479.81385694249
3502,0.505614195463227,4460.338807731137
3508,0.048364006804579966,5411.653944793312
3516,0.08613642819389368,5184.887595739541
3517,0.3313344839544341,4816.659534884355
3525,0.26124416644068355,4969.983670431945
3532,0.7067134859614574,4759.980792702589
3535,0.2931980553299816,3954.7768861833297
3536,0.7387819838044389,4400.327781202741
3540,0.06926198195466461,5439.519820070669
3547,0.44039144265620644,5585.371304553652
3550,0.4279729410530703,5679.778213506015
3557,0.7008182579249301,5124.3565157047315
3562,0.09199324529735013,5540.471399107724
3563,0.0958491794037352,4769.932632437078
3564,0.3626367667279372,5457.414184002037
3570,0.09790245811894188,4924.725839731918
3573,0.3014133629792941,4886.148893010564
3577,0.49849507580488306,4794.458076429952
3579,0.5582561431270875,5202.578397749273
3581,0.09567556667203848,3073.771537106672
3587,0.3368939923628241,5081.833247539174
3602,0.3208101226532072,4949.225651012794
3609,0.41997653780327904,4993.370611503986
3612,0.17441156482982967,4502.840649148682
3621,0.4136522495574035,3736.505767436552
3642,0.20996416063124987,5583.751602772519
3647,0.7291353658701164,5040.400931958629
3649,0.4550271408222964,5521.425595540955
3654,0.47116904657412234,5862.640803964958
3660,0.592076859825656,4583.8753186739705
3665,0.6989569077990322,4839.540351161064
3669,0.3352230919418143,4637.72352324285
3673,0.2813962737634845,6144.8548782432235
3675,0.423819592274508,5709.376475904302
3678,0.06738225512603195,4044.2631806437544
3680,0.488729293300276,4428.710290818957
3686,0.513960576102922,4957.58690560377
3693,0.39557144403586914,5672.933773973689
3710,0.6009977666441915,5261.785808482433
3713,0.047797816019025684,4261.991721925326
3718,0.40301091259701605,5523.9200498865775
3725,0.09811335244110085,4602.835353032295
3726,0.3160431475769138,4748.50870733129
3747,0.1473632867748352,5313.296151776713
3753,0.020890358081502292,4938.265038679299
3754,0.32833141759716766,4835.597530475725
3760,0.7653247555489157,5594.784907905617
3763,0.04370416264860806,5420.207648243708
3765,0.2517870357732944,5786.663869911234
3769,0.29459916064531344,4583.106780894561
3771,0.5268512749566999,5627.658374701255
3784,0.08478418344750668,5026.51762236745
3787,0.22211836026367496,5393.599265103696
3794,0.3129791922630873,4971.551487919589
3796,0.06641627732821095,5098.527485527655
3798,0.04019989941810173,4673.862832440664
3809,0.17086271934805922,4804.052061277787
3812,0.260715690966197,5807.564975744213
3819,0.2303286918111448,5855.10797082899
3828,0.22737427601145913,4975.132562391287
3831,0.28101433840592627,4260.914469094107
3833,0.08778867689043865,4711.841211240289
3837,0.7269721225469813,3585.3372092082486
3839,0.7856128570764164,5113.5938825232015
3843,0.41175053238443754,4968.542287957418
3846,0.07836365092013019,5387.640369080279
3854,0.039137842899764456,4385.0216263234415
3861,0.07325178265378736,5283.009564030101
3864,0.38191039228828844,4643.760403437633
3868,0.07046312563002054,5577.257844446931
3869,0.14480658725563667,4107.419909356167
3870,0.14188518314528226,4831.320319028497
3883,0.16860687450456605,4574.601464668111
3886,0.05556576662046589,4206.177825685771
3889,0.4070955982950001,5760.250740041396
3894,0.3854359777012987,5035.788500954361
3907,0.06157348938691851,4322.400150525997
3910,0.07687535908810296,5075.4612064144185
3913,0.030189664032751046,3652.8788695082826
3914,0.2955363064567261,5860.7559153784105
3921,0.23570929007142263,4197.276939001145
3923,0.022229000833816903,5369.028672854052
3929,0.5195322238250173,5581.160716368748
3931,0.5744134077747022,5605.622794666664
3932,0.3449019846540362,4783.599488151588
3937,0.5594844027447219,4664.907634772471
3943,0.28330968198638806,3201.662955132066
3956,0.4582607029369896,5322.642380673434
3957,0.5126043356958568,4582.678700914778
3961,0.5710452014873723,5016.8748718985435
3971,0.1817068071659321,5126.70077480278
4004,0.2196882717564909,5117.270566653807
4005,0.05874183652700795,5591.799589999708
4006,0.009922887484229405,5271.971992946674
4011,0.14724542463880033,4844.329676941985
4013,0.1525115172980257,5718.200739316864
4014,0.09990444344743254,4538.152013517914
4016,0.41367922559913034,4839.2465871141685
4017,0.022829316048329634,4364.589259312706
4020,0.04849743997072452,4659.162133228876
4022,0.12378373626613368,5906.787888665975
4026,0.20571031299851295,5363.4418951853195
4032,0.17178659630701862,5316.420887014816
4043,0.08263138077755786,5678.496973369236
4045,0.26149412138436284,3987.521905652891
4048,0.09596964325620282,5334.878525755101
4051,0.10776594792030104,4705.779265998453
4052,0.260769602583961,5474.452695546433
4056,0.06667682373156755,4066.8274985544726
4059,0.028338443648829332,5782.486677667784
4069,0.06061460086106628,4482.945961201431
4074,0.4917607109744317,4552.514580809189
4076,0.24268032569788045,5779.136918638922
4077,0.6874519674189896,5654.211701131893
4079,0.7024405921054204,5216.142387399374
4081,0.6360868212048888,5798.519772458706
4088,0.13966080164328737,4837.220579944489
4105,0.1108347703476213,5595.516221435796
4125,0.2166879751505806,4508.874866760389
4134,0.629184326048869,4986.567527380476
4139,0.006369335293104201,5267.761418104834
4146,0.053291395156086954,5547.082626024361
4149,0.0691162721468388,4970.886380596552
4151,0.8159814443776596,5378.991453782942
4155,0.17265588314662633,5217.507122712624
4157,0.11615173968273923,4954.097127920033
4168,0.5902620333576104,4964.47084354312
4170,0.24065364746383758,4542.141344278203
4174,0.0719595450173429,4638.51639825396
4179,0.40122496977075134,5192.56731507253
4185,0.10536410649338138,4158.392844299502
4199,0.6166663615043559,5469.592024486954
4205,0.07278547623242775,4841.771567135149
4208,0.022592179458335113,4755.9594689037785
4211,0.672748706738016,4979.814311492724
4212,0.06444604688028012,4961.891866090267
4215,0.6558057405365689,5721.036173462069
4217,0.13352247312577903,5360.495728302871
4219,0.8567057613203866,5122.713716069914
4226,0.5553119056820036,3894.537435038256
4227,0.32703089502632926,4166.407874173348
4229,0.02909702678101975,4986.063485605109
4231,0.12039576693996172,5153.319933791312
4233,0.014212705677329691,4203.858216144428
4237,0.42882161791523604,4849.230867100077
4243,0.38943127850583825,5697.6809950289435
4248,0.1599756517488916,5399.252475890569
4255,0.1123909076959066,4949.796092754241
4262,0.045030850240469,5258.171539803619
4266,0.6241963994941785,4795.518014193927
4268,0.3092737083482738,4798.632663121596
4270,0.6685906398764055,5733.499283020652
4273,0.04561800309384154,4717.200638587883
4276,0.08031856168112814,5259.341575325241
4277,0.13902963887503683,5339.373283934592
4279,0.34463608654453054,4786.808357311869
4299,0.16052544191825402,5221.152904957941
4313,0.0387227429961136,5458.242291336835
4322,0.036091370454223136,5487.502217933288
4324,0.07546327163844545,4433.226884577287
4328,0.36042631796278957,5333.843998638784
4331,0.23817463183038295,5172.898476100354
4335,0.0508995067870173,4612.423606556014
4337,0.4659697230480567,4192.6484037386945
4338,0.4381382075025869,5777.484626062901
4343,0.06263880459141054,5124.93494246424
4347,0.10807028003928876,4804.581545716852
4355,0.7330605104655415,5571.914249692816
4357,0.00537434867152279,5544.116425505996
4359,0.053607834893396114,4234.567786322526
4362,0.13555784720339184,5365.418926879464
4368,0.5286731752290408,5521.04410775803
4374,0.05017356484444148,5062.280013560374
4375,0.5123858979733331,4823.244089455439
4378,0.35836386384647545,4157.159089782659
4381,0.7143505420455101,5860.361777990371
4387,0.10100380822906091,5719.975901136948
4400,0.016460621805404144,4749.729409711441
4423,0.18068736243240877,4101.018707210895
4424,0.05591257714907052,4052.80305448459
4428,0.3901177219467107,4483.011432000544
4433,0.7030834421646119,6143.249202362217
4436,0.4918744982391352,4686.19802858941
4437,0.19354136327824206,5181.702729044396
4439,0.31988097551864564,4711.372938000879
4449,0.2484369578709743,4761.127582793408
4456,0.0872432715923515,5355.584897763252
4463,0.09705814798812926,4738.436312131134
4467,0.06428533100582941,5296.9566241084385
4468,0.08005289566807472,5946.409605526883
4469,0.05015453289545691,4684.465436468548
4472,0.20086660317707672,5440.992179114477
4473,0.024694594914068994,5048.091330665708
4476,0.6754838686673639,4682.152747738246
4500,0.028163233008919236,5342.755826733954
4509,0.21144378582945192,4970.460462080529
4513,0.8666755089741776,4809.308843532377
4521,0.02835434706915144,5744.819815056453
4527,0.48782293961491086,5562.809889276115
4530,0.4306719089421198,4427.148454419652
4532,0.4799450414479641,5241.621057681179
4533,0.07619257613712646,5212.877243625406
4535,0.3715803740802007,5075.4612064144185
4536,0.43242976016768314,5175.487889005815
4542,0.3175539961160404,4707.052576064019
4551,0.815405139509757,4926.246816395822
4554,0.08018435207880521,5368.267310078758
4555,0.5677867088010747,4057.063427094413
4564,0.25072646366912477,5738.767116138106
4572,0.5034671921243687,5345.843955206674
4573,0.10259642630175903,5453.201305668339
4577,0.3291509761344737,5848.611657440246
4579,0.2506279154993538,4417.321253161899
4583,0.08711636595170474,4108.341455706278
4584,0.5437635147190546,4705.841880930651
4596,0.05035209984127653,4649.016620823156
4599,0.17187760803969726,5068.81801745775
4607,0.39362160364070026,5793.79887568802
4609,0.46223719065220775,4654.3566786068695
4610,0.07399204829589516,4945.045774586094
4616,0.4589255580007944,5915.3279318241475
4617,0.35670695752828285,5806.29279007359
4633,0.24735253302997162,5032.62049558957
4638,0.2877560915598727,5158.698797973255
4641,0.045386343894258774,5648.65822171816
4653,0.5927715492153877,4834.985236295262
4655,0.28474394475853965,5421.556068187496
4659,0.35927194405156004,4434.692699953346
4669,0.09193706773949145,4468.294188105236
4678,0.05413575166121682,4688.367641213968
4685,0.6604859998175227,5581.56406786808
4686,0.1685407770609336,5073.96352132715
4691,0.2721913747979265,5116.201146881078
4695,0.1400145652477532,5404.175589576905
4698,0.17815972128895677,4245.164061491765
4700,0.6310822132399736,5244.092564906472
4711,0.10891968291542828,5923.870133605995
4722,0.03281595517232665,4776.540170119786
4727,0.5437381349962568,4474.0255221928255
4756,0.011268796932522227,4466.648739122622
4762,0.3040435516699083,3928.041004271054
4763,0.27115065449728704,5342.009173461268
4766,0.06877866660447281,5525.25299122441
4770,0.11782849047729693,5178.413007650499
4784,0.23622040401315744,5037.3826284295865
4791,0.0973716778804909,5157.242697414713
4795,0.04026533487645203,4724.28857894149
4799,0.6871289729559149,5295.839452133747
4802,0.40944956348711314,4835.385410821189
4805,0.7262146702686599,4172.4360302031455
4814,0.5916050882522036,4672.535730559756
4816,0.33665625057063236,4805.620717506707
4817,0.051352624593335464,4248.376786686709
4822,0.2803654912292493,4777.0989596178115
4827,0.43274173345569483,5549.651106767306
4833,0.1368554651705989,5509.556122829443
4836,0.011238837638146055,4966.632006605872
4842,0.31547394259060574,5952.5389597357935
4844,0.06104312031970243,5151.003391278648
4845,0.38638486150681617,4294.65504295808
4849,0.2206880666125636,4228.994766556059
4850,0.355726837352858,5767.889584697409
4860,0.037043346717004856,4901.315119879537
4863,0.260671649147002,5610.9957119184055
4871,0.2093701312619898,5160.960168189786
4878,0.3774172419452244,4042.8305452529344
4881,0.5939072277264277,6116.348481602344
4888,0.5031653945048623,5421.452418798891
4900,0.29702366139865644,5565.337123446361
4906,0.48925650912788554,5303.874166716496
4909,0.019851007952602355,5344.9188260755
4916,0.12661585604986042,4648.31957784308
4918,0.5223984583479511,4529.63900735533
4926,0.3173682268547614,4730.728615763257
4928,0.11921387840301248,4943.270686301063
4941,0.30094371687456,5251.209650028813
4946,0.11241418254651654,6080.909169230526
4949,0.05823532687795355,4851.399126021535
4956,0.06165424170993714,4830.598719234453
4966,0.04396172961472125,5149.31652268351
4969,0.466548572994486,4404.80739460318
4973,0.09469165777158477,5118.354607831478
4978,0.4411475754056442,4387.942557523709
4982,0.3584632402397978,4318.429955411482
4985,0.03577519397603534,5005.364236401783
4991,0.15964825446847392,5771.038835206121
4998,0.04234216603009446,5253.70332518451
5000,0.537786716228951,5617.48696105948
5004,0.36343198934597,5320.299663874602
5005,0.5924220015794411,5618.030815814867
5011,0.7038215379022377,4116.503569554887
5016,0.4802574981490462,4396.39309871844
5018,0.052757155938525806,5370.2899662568125
5034,0.23098738183341377,4436.40790659125
5038,0.022889652179353324,3476.183732967961
5042,0.0701663598196376,4443.756341239976
5046,0.05763112285863056,4138.409725465157
5051,0.16424556097160703,5373.329672003225
5054,0.13368094727511673,5191.296947824878
5057,0.34438527489195475,5038.893566619718
5062,0.05351999113375493,3994.1971512031546
5063,0.05924595918087774,4738.228518425089
5065,0.08916767210498547,4445.7760395597925
5066,0.106165285361487,5304.553640093358
5076,0.20951219179718208,5554.421141433753
5089,0.25711235679477457,4564.426158373681
5092,0.5545109438927489,4752.322245226705
5093,0.5199114653239248,4057.0374739426293
5094,0.029658941158978287,4910.2054832256035
5098,0.7457645356396185,4379.810632227279
5102,0.052229694082558405,4804.581545716852
5112,0.38149780169672687,6108.482744334992
5117,0.43969672351632033,5399.863410972068
5127,0.42024611948176605,4185.818029895243
5130,0.2727294415988561,5419.460874808419
5131,0.5204014894472256,4943.510112322524
5132,0.5750552982324293,5364.734780901938
5135,0.6681730554226065,4427.148454419652
5136,0.02047606381024936,4272.681557119746
5147,0.3541942834226443,5218.105421091437
5157,0.0769228970159189,5324.094768049426
5160,0.2586143361283959,5067.92626497482
5165,0.015088488307828997,4924.642792982144
5166,0.3984161599557292,4697.362910771844
5172,0.6001343601638623,4907.032456246887
5173,0.19231236314710068,4679.764748772772
5179,0.8800459807874782,3457.4457911828545
5184,0.48417755388789957,5102.390238134711
5187,0.070063243563005,5732.308526145815
5191,0.11057874102152969,5594.3471326691415
5193,0.14387970134140132,5494.896203703363
5194,0.1605617614807635,5624.809269605847
5199,0.2365014117692349,5208.9623658112105
5212,0.022759383359822007,4947.5402324831375
5213,0.5750153145207857,3973.84591911707
5224,0.2467649167163727,4727.160461159574
5226,0.16223243348590327,4707.6466297201405
5239,0.26827344550561166,4615.141158777968
5252,0.7981109322956245,5823.195407949764
5264,0.16139973542034206,4466.455316993133
5266,0.01500190241320847,4934.701811912211
5271,0.023835632881499796,5461.9624356329
5273,0.037703264236983426,4222.220919346983
5276,0.6814284950231018,5084.206987679338
5278,0.05012203912182486,5143.22366772977
5281,0.6707318411039991,5757.114170411266
5283,0.4692014533607545,5203.972133335683
5291,0.07621811781400431,4929.775092052592
5294,0.3536036476413652,5054.618107961883
5296,0.5232775332480156,4177.866783279253
5297,0.8815905633783798,5896.007549559481
5313,0.0322299291291319,5614.486580455676
5314,0.3067152761237217,4292.940475568756
5321,0.18700455355165033,5459.179516709418
5325,0.012101194214265332,4565.156113980351
5326,0.14129668791773825,5347.313838529771
5328,0.022878523814812528,5092.64906759642
5334,0.12674656265481649,4916.72914748014
5338,0.41212431212480455,4428.827453446487
5344,0.23900582686550614,4434.824809487649
5348,0.23386029211774173,5334.878525755101
5352,0.1878064850213154,4772.144821411885
5353,0.07699693275599968,4923.005244805612
5354,0.5076128439959767,5748.45110154154
5361,0.8153339862652202,3457.4457911828545
5364,0.021792831416014024,5001.763393715615
5365,0.12100653259025916,4858.403785442648
5367,0.531958114976678,4196.107310707741
5379,0.3612224002589121,4867.9977702904835
5382,0.31795871226966677,6080.909169230526
5386,0.2910937470423407,4235.336747710722
5395,0.07012075129028977,5150.030998850092
5410,0.28804308340691503,5782.843176506545
5411,0.1430494596942667,4254.484246398786
5416,0.3674026706789123,4522.897564522605
5424,0.6952651215085144,4313.709447920637
5426,0.26639997098466023,5671.385258482063
5428,0.17401360582525194,5144.9210052188555
5430,0.3400656718136589,4725.415787887845
5433,0.1918200066399031,4576.186957683172
5437,0.0055230691293718685,5953.017751205131
5440,0.19672506566690634,5405.8096057144485
5442,0.790940420277518,5315.552173332761
5445,0.4939422472329944,5233.451830273945
5449,0.17124220907435617,4304.098495008886
5452,0.36430166688331866,4087.9034248388657
5460,0.680248775031143,4573.034273171119
5461,0.0317956479985498,3137.717246119369
5465,0.15024930540076356,5641.855417684406
5467,0.1633147281419182,3751.5574034210817
5471,0.2651718038466149,4248.376786686709
5474,0.563079417608716,6159.649451482813
5475,0.023835356462961844,4869.49572214346
5480,0.03970148063153791,4779.958607257091
5481,0.1805819749605154,5073.233458722323
5484,0.1164575084996865,4460.86161001363
5494,0.05922938111017054,5673.446959067932
5495,0.7489214167273307,5294.67759813385
5497,0.05888056014750088,4583.996982285782
5499,0.44261264238007497,5005.364682528109
5507,0.03815406568046437,5220.106827031335
5510,0.10752287760105259,5092.273666855914
5515,0.18689250254027498,3838.675914538801
5516,0.043286555300227986,4771.039527282564
5517,0.13501682836894388,5565.561384797509
5524,0.059427547357308944,5253.205240606945
5530,0.14598563865038997,5165.110671748994
5534,0.31141428242245117,5011.097245435891
5543,0.4232149974793182,5183.921540303716
5545,0.5545794694293706,4453.828848963416
5558,0.19243651838615267,6016.9634602178285
5562,0.16579660642363195,5608.5628696338335
5573,0.6274125182374133,5432.300910019601
5581,0.14067446254414634,5072.040499685143
5583,0.4772154714474655,5208.182408329609
5587,0.5123672979200955,3812.788605265536
5589,0.8793278978981799,5580.397049277114
5591,0.10912590553455069,5811.754570134061
5596,0.23074856506276567,5000.3768798098645
5606,0.7140389942481241,5054.280611530726
5608,0.2175241632165414,5141.836135866532
5611,0.0816543074126397,4373.014080456016
5612,0.2477249527840517,5013.677829310711
5614,0.24673186871333563,4090.303786541692
5620,0.031183935069773697,5377.241860789409
5623,0.08379476715126465,4959.302442640399
5624,0.10780791868395792,5313.895593523346
5626,0.3407148375691317,4785.55322938151
5633,0.18335591849681737,5550.0854976611945
5635,0.061677286333996904,5367.743036289821
5640,0.43635955739958293,5428.428554014928
5643,0.08579482567323282,5871.345298114818
5644,0.43772131778233675,4560.805040160792
5653,0.340394519017753,5034.581776514959
5663,0.025829283774389696,4782.021192597935
5664,0.5066174512916823,4560.805040160792
5667,0.5052199050186341,5281.575916935579
5671,0.5226484289872112,4833.557480183663
5673,0.5945478556250159,5239.0985356571055
5676,0.08864903109609228,5446.412004528882
5678,0.10740005523893348,5356.532001153715
5698,0.26083126182673566,5082.046165217616
5700,0.030385018054933467,5550.605555343842
5705,0.23979918905488612,5384.816373884048
5706,0.6963609937247411,4980.5951824380745
5711,0.08009785973620503,5074.248976569148
5712,0.8602794574389097,4358.2450012114405
5716,0.3794694072910722,3540.129441980658
5719,0.3411063067868324,5678.711085865118
5725,0.8973951664350384,4413.046771061875
5728,0.1068001871659836,5121.4319163195
5734,0.05304627051465516,4403.134103235687
5735,0.0703197237536957,4261.991721925326
5743,0.19933750420830892,5000.431210782808
5754,0.2225945509661936,4947.9791132056325
5755,0.37878979675904345,5455.1880984326535
5756,0.09578516803135742,5206.9865727923825
5766,0.030120974799536265,5297.771547198026
5770,0.6312000902800755,5260.6426404276135
5774,0.20333007526293503,5095.500085259644
5775,0.03093522332857727,5165.110671748994
5776,0.14460537750238747,5467.822669460176
5778,0.030937170549344823,5303.80841906379
5786,0.3951329035664202,4928.750549393307
5787,0.33148991633923913,5904.441057768949
5791,0.23962649297460983,5246.424292505306
5794,0.22946930748093092,4523.348348327976
5803,0.20174830080847825,4626.584157964378
5804,0.26977452990911366,4733.638062585316
5808,0.17297296574233326,4462.729735648041
5810,0.02089241517629176,4275.108113856735
5813,0.5433272439833742,4267.8039251571245
5828,0.15837473450076814,5090.5848866016795
5839,0.24537670383230087,5814.703777801732
5842,0.4407461243132883,5131.389812560375
5843,0.04049709337747174,4712.438562390058
5844,0.29113744227008503,4740.209300040278
5847,0.6185594685813426,6051.24472576625
5851,0.018714805380670618,5097.156458525769
5854,0.052533376815080565,6147.742913849349
5857,0.01915138381922975,4116.748763497288
5866,0.5525466226178412,5287.372213970895
5874,0.47736920419919365,3073.771537106672
5886,0.09153698628818811,5456.716720456639
5895,0.10434516310642965,4608.069172726284
5897,0.019391333996250888,5072.413425165694
5898,0.2641431987004462,4340.687663191686
5900,0.7210598721912211,5971.644378040853
5902,0.34242808631920907,5256.013708407085
5908,0.6470458302665102,5084.206987679338
5909,0.026439512637025132,5053.756844084932
5912,0.026233395826317465,4871.91272983019
5913,0.08861640073972246,5140.214001834978
5917,0.3138752589853867,5110.050479063859
5918,0.5581990349434356,5721.234574713299
5921,0.14124511910692203,5309.137755262569
5931,0.27549960545290336,4170.62207730983
5942,0.5330269844659883,3882.77580525595
5943,0.7199111245854737,5434.406027780551
5950,0.03570036082512903,5818.248328459651
5954,0.005860525792837704,5546.051862877948
5983,0.02069900366738795,5378.010900207313
5995,0.6648564154927146,5490.519277910627
6002,0.09530298218951606,5805.535798120947
6005,0.04815421758265311,4555.939131020828
6009,0.3091686022364732,5025.517918081057
6011,0.0069333703822056746,5407.514191169605
6012,0.017488862058138727,5232.499156953271
6019,0.1797517848391972,4270.123534698467
6021,0.27746470397682604,4592.164908240831
6029,0.7393410714895619,6009.074255706587
6036,0.35678903797046574,5925.667649425067
6037,0.007264449733608917,4818.740709096652
6038,0.041182930372741774,5090.644479426182
6043,0.050199771790905554,4602.092127546628
6045,0.11209729449738585,5208.09453736025
6047,0.6846590990861335,4930.876589031823
6048,0.03230950947182314,5354.472556978151
6061,0.31289913144477005,5469.4084912349845
6063,0.22207776515573333,4972.149235459634
6064,0.0656353598228417,5309.640465761
6068,0.7153654175542071,5482.994878532715
6069,0.04571022065610997,5130.54640331038
6070,0.4281452128877055,5350.868885485888
6071,0.1847486874448842,5257.880457011364
6074,0.2899655619964333,5725.68342753745
6079,0.4313453161401666,6029.378933344298
6082,0.031594288408120244,5418.79884725969
6088,0.7944032225724567,4197.380614718685
6094,0.12961506967324685,5110.295596048152
6095,0.28094882671710614,4750.884645236245
6098,0.44383320370042173,5585.36561117302
6102,0.021400618493908077,4470.755738565347
6105,0.34358323633666255,5159.480795945501
6113,0.06307081819750149,5479.529264899477
6116,0.3587694614632503,3696.577177450746
6120,0.33452915728893573,5574.025599287934
6121,0.3041167094791553,4560.805040160792
6126,0.25387468809334507,5663.060859373196
6144,0.08059797135922589,5212.583058188535
6145,0.02203164289004161,5617.276604569848
6153,0.23932781730050096,5907.380794764807
6156,0.14250042103607485,5413.119753698113
6159,0.2496025182753562,4272.394380996898
6162,0.07175773714373417,5342.164391336029
6184,0.7103837780639903,5146.240136262773
6188,0.26107231626577626,5814.663410540773
6189,0.22658501863349584,5107.962833017673
6191,0.46591416090586985,5544.615648858192
6211,0.506151044146267,5407.032829380008
6216,0.22277881374963757,5206.464257139076
6218,0.5927643634803645,4832.642332102296
6222,0.23377715595038145,4610.030718722161
6235,0.26864991940658334,3476.183732967961
6245,0.20744862152986832,5327.228604446233
6248,0.6304458351877309,5453.868522158546
6253,0.2964603325320715,4273.856171304542
6256,0.006022176920303066,5635.318784472633
6257,0.4101761480414372,5250.709937191643
6259,0.40038717527541545,4734.8507599688655
6266,0.11094578184209687,5806.38839139463
6268,0.28692019648877976,4311.991720694261
6275,0.2632385927414774,5724.7851944740605
6280,0.6895525685020353,5165.734327562744
6283,0.37361846281571226,5634.126487412214
6288,0.05742708909155673,4639.830776492281
6289,0.09736382642714057,4080.599236139255
6301,0.047319043819775884,5204.794217005121
6308,0.1876662563227709,5404.266497062859
6314,0.024071710633167587,5965.105626702459
6315,0.09797920931107512,5302.875194580055
6316,0.6399110276081913,5744.646458646163
6317,0.4742146104226991,5170.790732847142
6318,0.03166504335569534,4779.364044210986
6323,0.7269818694566326,4554.261329712852
6329,0.6527419787099429,4293.77754635495
6336,0.17549694308566888,4500.5515483481895
6341,0.8742525917553029,5301.88760610195
6348,0.1600446973128971,5085.986459178446
6349,0.031945889500022494,5500.953825353297
6365,0.03613276816898106,5081.3094800933795
6372,0.2791346967735934,3201.662955132066
6376,0.03111474989903231,5374.1497021106325
6378,0.06932258809230274,4951.481115929013
6379,0.8259540339447846,5274.691351962127
6382,0.15234077654763503,4913.425575440067
6383,0.44666557286688124,4992.687275958046
6389,0.7495722942027526,3540.129441980658
6390,0.031774059307208606,5041.989079779933
6392,0.076465409417132,5258.17290421494
6394,0.6258576246705625,5625.128140515051
6402,0.11382063905230409,5213.005524718354
6404,0.4047287463116567,4240.15278599619
6405,0.02520498560191481,5803.630105407676
6406,0.24969711424234411,4389.88313995072
6409,0.08906580992111193,5431.746512775051
6410,0.12579674174674976,4571.485004663364
6411,0.08133441253531352,4927.694346706738
6421,0.07893220439188453,4750.865931492937
6428,0.43307623020078684,5080.112549746204
6429,0.32518701011516615,3708.162501635898
6432,0.13349773527767483,4573.327045058304
6436,0.030952497360989404,4883.944370890375
6437,0.28796076038299573,4158.392844299502
6438,0.19399814392674705,4988.5639592329935
6445,0.15614036985010007,5664.443590981743
6447,0.5428908513873407,4922.206339633932
6450,0.02998350798777484,5446.868991542331
6462,0.1675865873313721,5033.658830419866
6467,0.6768186760460574,5720.839810610247
6478,0.036601321697818934,5161.690233327088
6484,0.16647082874473096,5648.799041437132
6492,0.36833499148685667,4597.131112441156
6497,0.0369887739910486,4874.342350668074
6504,0.22210211860118592,5300.068664778285
6505,0.117122581819742,4829.99153663275
6513,0.5776542510584852,4469.115586096406
6525,0.2965780657167527,4347.455797614952
6526,0.2663581834103293,5505.580976728195
6528,0.05104315849891437,4081.9628596182242
6540,0.00847800271130125,4603.524231634334
6542,0.08063253872273199,5353.5857225862455
6544,0.4005851966771355,5655.29988454375
6548,0.0756625997000059,5355.034175238128
6552,0.20694552333115915,5599.115150360499
6558,0.00821369216122765,5135.0235630686675
6567,0.0397028243805602,4918.218548582618
6569,0.5468385011379736,5763.203039253888
6572,0.0728960860738459,5588.585969030511
6577,0.05893318535362541,5472.58533386205
6581,0.2062530717036363,5411.329062035278
6588,0.5458356566821989,5589.765335024224
6591,0.7633237711403782,4023.9577158261686
6594,0.28686996729069936,5485.711961279454
6600,0.4018343430833134,5739.28802728172
6602,0.21636759268800485,4849.879189113509
6604,0.07960553117722009,5240.708530868034
6605,0.03027728721452988,4952.841862760757
6614,0.22498998234266018,4672.605742096053
6616,0.3389728971631148,5445.176832031687
6621,0.41689160336321235,4542.0670983756845
6640,0.3559861882289448,5118.009097475071
6641,0.3858224340423247,5975.786091523265
6643,0.04234975350859758,5397.512736896033
6644,0.19338316445240597,5643.373728964089
6649,0.5531841759840463,6175.892995322497
6650,0.7604494114930276,5276.271264339866
6655,0.4793422533680643,4553.597348855998
6661,0.02381457869572676,4508.319602770229
6672,0.27319430759596747,4539.292924653042
6677,0.048000163801810096,4888.226235070937
6688,0.08343280612517451,4535.743425849737
6689,0.0434529053614913,4856.254203627617
6691,0.0489345354389847,5410.385090337939
6692,0.4384812219928508,4116.748763497288
6694,0.7347653264392369,4599.689134862434
6702,0.4113565461051505,5426.552943853496
6714,0.04423810176612932,4612.322658153134
6716,0.6078289390493792,4126.935286746142
6724,0.0763102194405991,4923.654988140133
6725,0.0711225651108447,5372.853153044467
6730,0.14098704145575314,5634.108953183658
6735,0.48293575113065607,4836.949034518337
6738,0.34783063557291655,5601.037880273472
6739,0.23802029167406627,4678.870619444662
6743,0.32256835381236737,5184.44530774951
6747,0.13509895857943371,5451.215508351568
6750,0.7199499472514106,5527.653904330653
6751,0.5218307297165227,4560.805040160792
6753,0.37366547114178306,4098.08555166027
6754,0.30115969430706774,5616.902203307127
6755,0.08229812602718932,5397.928207986133
6762,0.2575372107724986,4604.75311868352
6764,0.06769737758680541,4927.074344517267
6772,0.6122853104092004,4701.025577165012
6774,0.09262707642890633,4970.034306085536
6787,0.18371278157917204,5390.670644452442
6789,0.03867259228694156,5089.7387898974885
6793,0.13134677852506513,5614.55126435654
6798,0.010571813324703297,4969.063477034608
6799,0.024715007217490384,4386.852311647106
6800,0.11477740484173975,5085.090445680786
6802,0.029192403044521954,4738.847319263277
6808,0.3818199117433077,4849.03417989839
6809,0.044497797196512916,5254.656130722542
6812,0.015157468738961647,5194.14493207793
6814,0.8498992168463597,5465.851198710244
6816,0.5504240896572313,4185.818029895243
6822,0.0699809569372968,5701.551079588309
6829,0.35503497652344645,5126.735776475942
6834,0.8710467077522325,5289.006723084076
6836,0.026715537430338627,4066.8274985544726
6839,0.14409992603194346,5876.653033037312
6840,0.5520891535561123,3137.717246119369
6843,0.054961778437877876,5870.727858120551
6846,0.5086007179856504,5233.732514889785
6848,0.01702138325550117,4956.270318912781
6852,0.061300304296126956,4656.072585223821
6856,0.20488571263231517,4080.599236139255
6860,0.08996950796117921,5315.878822625269
6866,0.3624185060418642,4460.801736939495
6870,0.5363293718196837,3137.717246119369
6878,0.6705396130726037,3920.7279704565067
6880,0.12090082281500451,4872.407385692266
6885,0.022205979815235474,4084.6828295963655
6897,0.06156647570506591,4228.994766556059
6902,0.7250163568310419,4840.532304056877
6904,0.47616270928201654,4752.642167198883
6907,0.04448565393085356,5206.247036443225
6909,0.20283718214577254,5601.395710602159
6914,0.570563822845725,4496.539409175916
6915,0.5175448836440222,5507.200980675132
6922,0.375175335744548,4243.013294985489
6924,0.18729066354878104,4623.9070597555165
6933,0.10225903957635545,4120.485368661315
6934,0.08853231617711711,5069.380738726979
6941,0.36846624978526227,5130.220247286671
6957,0.30794757129905953,5081.906487929071
6960,0.0533769600485681,5186.816051154265
6969,0.060532573918420825,5211.742667325484
6975,0.1349842014387201,5803.387582557085
6980,0.7167506406469463,4890.981067657781
6983,0.0635238836832652,5326.20116799395
6987,0.08552708373683938,4908.821517279972
6994,0.0527161009073458,4303.882246662883
6997,0.0076695257733771114,4806.820267778328
7002,0.11591543900847623,5197.019767252854
7010,0.029129293444244222,5059.137878953827
7015,0.49790218801135705,4915.512119025991
7019,0.315496776394678,3604.0751509933552
7022,0.35776034141956414,5492.9420966009675
7025,0.028340970056351226,4959.72541637965
7029,0.04427094902025365,5626.80947144898
7031,0.19170387920939944,5066.5265474663665
7037,0.4552596200848214,4813.9172124981
7038,0.17462600929911065,5164.519118456588
7043,0.132055715150593,4753.133917599913
7049,0.06547712626037104,4924.816408584944
7052,0.22860181109766095,4206.177825685771
7053,0.3175512564408065,5283.488605573344
7056,0.004164921261015242,5303.472353443354
7057,0.583331618829808,4441.600427630552
7080,0.2280036993721799,5427.670586856186
7086,0.14828622170975456,5559.361320869263
7087,0.08917134837941641,5623.13342064052
7105,0.48164151366254254,4353.919330507086
7108,0.011710040577870149,4871.92287806449
7121,0.6092379487854911,3137.717246119369
7122,0.30343490280951985,5228.359812815794
7125,0.4950827472910533,5144.957347617094
7132,0.307664179748449,5730.066150373662
7134,0.13470263450071504,4606.03199912578
7151,0.34800220889667405,4297.7431714308
7152,0.7018884503460951,4952.850074870157
7157,0.1267990889238103,5102.824669517515
7159,0.12436661573139747,4944.550952909749
7166,0.7260093091889006,4664.791795734994
7167,0.06526095939662013,4971.312061898128
7177,0.04201335636873473,4139.674094251794
7179,0.7118417969374009,5272.030653416794
7181,0.3125895286544699,5623.440434405332
7183,0.10251910373120204,5767.429594365751
7186,0.03350081405201212,4222.3385533122
7193,0.019145599383747956,5809.113731607939
7205,0.0353517718830986,5326.380351063337
7207,0.03129391771129373,3476.183732967961
7209,0.4360027974689031,4919.110160826129
7216,0.29778394459583835,5341.121472133578
7232,0.7914933586495273,4853.249914564475
7235,0.13387483908960227,5294.711518240869
7238,0.315897192111682,5070.696905446556
7240,0.7533751010434886,4695.192343571274
7243,0.3684808321704924,4724.876284281654
7252,0.31761504782620537,5953.017751205131
7269,0.1840980591144618,5606.175547549885
7275,0.03431222575035535,4456.7009532653465
7281,0.1708443463229721,5164.339493370289
7283,0.05929171700106111,5550.378942022298
7287,0.2072255468903858,5783.732092245485
7289,0.42263096247492477,5798.276744885161
7291,0.42733972388099006,5478.703744588924
7294,0.025549455096576683,4810.897388099699
7304,0.4127415880580237,4009.116263920903
7308,0.2814165979821096,4486.136419236835
7313,0.05823850353854724,4725.113302596682
7319,0.3151157145094019,4870.194231823512
7325,0.07246583235565335,5217.507122712624
7326,0.06459329312816527,5351.119845663322
7330,0.3260394513228122,5182.249641953044
7332,0.014402282367674444,4222.018631340021
7337,0.3944604514812109,4779.357908821681
7341,0.28357410636336894,4608.590021547059
7346,0.5320019978721402,5881.866730812677
7353,0.5429092627957055,4959.302442640399
7354,0.6844272775763857,4804.260733594105
7361,0.425069229848838,5799.129742024358
7366,0.5046966973837186,5507.307786415153
7368,0.0414311584931849,3864.351670295789
7372,0.04246516812594341,4727.808051425382
7375,0.4561981271892844,4638.459111075192
7377,0.3082660661502613,4106.431174354733
7380,0.12787875948929756,5166.694357825592
7382,0.3303752160590581,5506.468718633805
7385,0.6795662978624486,5251.643062961366
7392,0.5645473708611802,5656.727981968843
7395,0.06792030096090126,4945.7821851129065
7397,0.16732289825746186,4593.8229675727325
7403,0.0895940308543115,5239.606424322027
7406,0.5688250611640521,5551.447926945984
7409,0.5697554315610027,4652.693072781005
7410,0.2225470986880688,5401.643182267274
7412,0.05209468214285856,5477.75895964652
7419,0.2609650666370093,5278.202562290335
7425,0.10533606232891968,3073.771537106672
7435,0.10014526891408769,4996.932209316556
7438,0.35776875872776426,4956.270318912781
7440,0.14400617198969393,4981.877764534636
7447,0.11129011733072669,5469.588032933681
7449,0.6701001100887936,4928.318566610545
7456,0.24141760286831257,5297.0737867359685
7464,0.08412844811473777,5015.943962953486
7478,0.11842540794839006,5545.460456245073
7480,0.04675028166588845,5420.374570414388
7481,0.45060975797244124,5338.3124881050635
7483,0.25414830870761734,4630.582305305779
7484,0.18031747367985781,5454.616353465139
7491,0.5778969256468867,5892.298448003933
7494,0.31430244053805695,5207.787719425596
7501,0.2979638855796146,5463.291981972989
7503,0.7602253091619202,5703.667934799014
7509,0.16947185948920862,5385.364710301001
7517,0.12885680983142886,4388.678622569174
7518,0.20139395896287582,5218.260664884394
7519,0.235321231923252,5561.050752004894
7521,0.45701734719587095,4389.88313995072
7522,0.5040227962710073,4920.033869927246
7536,0.08823817052760093,5941.686087170834
7539,0.021145648340647572,5050.457160826743
7547,0.38757142724543325,5235.640248503996
7549,0.044988181120025734,4916.426662188978
7552,0.5100576058960143,4685.192929454381
7554,0.25120285494417616,5551.3301233822895
7556,0.059098491992463524,5754.819744471568
7564,0.11457046570906275,4834.985236295262
7566,0.3052408301786291,5941.479792011804
7570,0.3262733122792786,5509.80495330423
7571,0.02726326070867842,4333.859059631901
7572,0.24525846805872278,5221.152904957941
7575,0.07996914297724583,5507.026686133997
7586,0.059010440976309586,4799.255640069621
7589,0.04259178283635363,5389.855988037494
7590,0.0411347545714549,6034.019859966629
7597,0.27964655109782155,5082.43185101159
7602,0.023255386335749476,5227.447202847996
7604,0.41867015551804454,4954.967145950484
7605,0.3361363885542155,4247.797728494232
7612,0.8361407465851601,4828.571915279508
7615,0.06233233568068169,5156.677587771799
7617,0.15238939928704354,5358.93591850815
7624,0.09428182358652581,5045.394113786831
7632,0.08912447971179797,4892.484244731209
7639,0.43400035589898084,4373.112798781384
7642,0.1817401868994819,4618.985581457744
7643,0.21880528172717922,5604.48318848631
7649,0.3656600736682533,5321.78218645491
7650,0.5299184147668561,5169.083966731199
7653,0.2139536058602359,5303.0967553130595
7654,0.3274170684751378,4785.285158087379
7657,0.5679854594293134,5528.278596443257
7662,0.2711111843407399,4887.981041128536
7669,0.795519198872281,5808.6746557449305
7671,0.01323006904762022,4194.5087325006025
7675,0.03417849323111001,4737.692771072101
7678,0.17246729206172498,5704.385018203234
7682,0.7819302327002594,5006.624685765656
7688,0.4197699580114483,4877.7167965786375
7689,0.13553268145977546,5442.350810671432
7690,0.08109366199842118,5318.818097456433
7692,0.402403037963514,5549.606957141477
7699,0.2742408799435914,5281.5783242217985
7705,0.5402928519694044,5037.061804965306
7712,0.22878044992805385,3201.662955132066
7726,0.5871992242672314,5153.843701237108
7728,0.19445611169472743,5046.24493402048
7735,0.40182441334017255,4781.73952633212
7737,0.6093223328713171,4456.148384622062
7739,0.045656909352538556,4666.0434315433085
7743,0.5677263405299713,5495.922617352585
7744,0.20242740166464693,5189.469715673512
7746,0.25944158649037474,4392.889569986635
7749,0.33390945399653554,5605.7407959394795
7750,0.35788889518784683,4292.940475568756
7752,0.056081039164799444,4711.243392862354
7755,0.09223245050156866,5467.527577545456
7756,0.8308907858923048,4893.072888282367
7762,0.09458983488411205,4882.9607729972595
7764,0.758796113957059,5038.330659420679
7769,0.12919405540440768,4631.406962417348
7770,0.44765938134855865,4811.920760020671
7776,0.11340229357621841,4402.238601367313
7778,0.3282649265313071,3539.821922880866
7784,0.36801834606671463,5277.394487431283
7786,0.2465710540091714,4701.218463083698
7789,0.24327433267088064,5184.433388459224
7793,0.2075817979181438,5553.175293193815
7794,0.057567565555829016,5280.481699487094
7804,0.2708564615008663,4636.979982183816
7811,0.2848172595109212,4420.480754976792
7813,0.15251491681655743,5111.654724381762
7815,0.3179180216477777,4680.157736802121
7817,0.012456483544072633,4744.594043759076
7818,0.3064894178604072,5936.608941111646
7821,0.09458440936131128,5089.661177500562
7825,0.026032055995762013,5142.203452996902
7830,0.5810678063850041,4154.617340352106
7832,0.16655405726657926,4551.529633652492
7835,0.010723889173082124,4889.648208982908
7839,0.25988994283476624,4903.018813700004
7842,0.03230624752962174,4998.358927657968
7849,0.5243794951526476,5283.919906144804
7856,0.313296930305814,5331.534096906946
7857,0.00427167116255558,5119.757656884905
7863,0.0365030491757742,4811.431670745564
7866,0.20313414029173302,4588.470387167159
7871,0.0935152135675627,4833.152382676595
7875,0.557227621282953,4660.085766429239
7882,0.7434613117971814,6086.182678022386
7887,0.5117995936844861,4282.89294491292
7888,0.6481305630647363,5342.84051831674
7891,0.8689551744103472,5964.515048472753
7895,0.021062664753235018,5550.605555343842
7901,0.4929584314967514,4489.368778470469
7906,0.3030523685399749,5204.628168045509
7908,0.8293069183507812,5264.774319649579
7917,0.19715717866907645,4802.856639697633
7924,0.6194265930654358,5100.040653485028
7948,0.29515036747045986,5311.5193727730075
7950,0.7080249614308054,4829.450293635975
7955,0.20750234948386748,5763.046512168838
7957,0.05068568942616082,4666.781062044991
7959,0.23457070836653016,4656.715133187032
7967,0.04583951950928403,5335.326145537865
7969,0.04894883839706552,5656.041701983586
7971,0.17252423769681838,5192.2683378208985
7974,0.3727165286152745,5513.0203584805595
7976,0.04790100715922994,4884.243588272198
7986,0.8740134910785413,3795.9122780314465
7987,0.7277379082284098,4954.500050363297
7993,0.2602756498025006,4907.228269899711
7996,0.5066838169100519,5318.869171543181
7998,0.2546835215595297,4875.621582624487
8018,0.06435933144386768,5807.24950008826
8019,0.351461607559047,4983.973490435632
8027,0.015749658682861527,4741.726082580757
8036,0.0642537752849259,5397.479800371498
8040,0.06142612564070576,4877.23564405584
8044,0.05799598207858695,5440.5097561161365
8050,0.028648079564658924,5654.7147889051275
8052,0.4703720087944848,5668.149714428836
8054,0.3461738968726893,3978.5397563293395
8057,0.7082054819179882,3859.8579870441436
8058,0.1974556906826951,4799.255640069621
8059,0.5465541667536944,5488.697811069777
8066,0.8943013348841009,5046.137589435786
8070,0.04848467958957081,5614.55126435654
8072,0.3362291872507766,4566.710845290405
8078,0.026395521532208158,4503.693261172844
8079,0.09429927675921795,3073.771537106672
8080,0.5088848762967327,3073.771537106672
8081,0.18520590701871276,5199.312705363811
8088,0.10883455184601325,5259.697436559974
8091,0.6726414253118326,5352.684050073297
8094,0.15963050536893536,5307.163705978648
8095,0.7086508649193412,5257.981657516477
8099,0.0871504048897892,5178.424041301896
8101,0.2771024804221349,4683.097397184518
8102,0.010721799555688178,5552.739488924277
8116,0.4923178371565364,4680.383121891891
8125,0.2771122821544835,5037.804028648723
8134,0.3254800473500111,4986.51607345067
8139,0.03332526173363759,5380.074481806494
8141,0.06613956669004915,5531.134189701344
8147,0.07258463966680852,4702.649757054829
8158,0.3104815972221694,5402.947780867526
8160,0.1080317458238773,4849.879189113509
8165,0.2836973148505801,4377.654718617854
8187,0.3309812031498177,4440.6806156396415
8205,0.25291077256162275,4753.807180007321
8209,0.2656280839840195,5468.938743327655
8211,0.3405870349337153,4801.060332999217
8232,0.0032394452809239925,5165.990629802494
8236,0.06396308309168647,4052.80305448459
8237,0.22946875757086826,5435.425350466547
8238,0.7447343948569607,5118.01007219742
8245,0.456201034892254,4892.762818234604
8256,0.3953524038209115,4519.160959358576
8268,0.058281561627461814,5104.3813111089985
8269,0.027682391064162346,4823.918986067047
8270,0.376077216987531,4799.903381139355
8286,0.1510113110438586,4427.791427266369
8289,0.054284963962961175,4728.977616699085
8301,0.3895129703216148,4507.539295650666
8305,0.17254374436998804,5171.90535993489
8310,0.23645241356743327,5331.702736863221
8312,0.03133641462618303,5569.721171410611
8318,0.8621243232193316,5083.829621368272
8321,0.2836359505994064,4752.642167198883
8328,0.05086781454609667,4619.199455519205
8331,0.03076860601501294,4731.893723850497
8334,0.32174387143904243,4052.80305448459
8344,0.17472765879159832,5528.788457772029
8345,0.1412460999013979,5535.027395334471
8352,0.21358987218099781,4761.574166636436
8358,0.47352650344159986,4814.647562058903
8359,0.2859191710026796,3871.9344486676014
8360,0.16993962785939157,5041.586065774909
8365,0.2690868242108702,5895.018344328683
8366,0.1446311013172603,5053.922655610528
8369,0.8231610096320515,4304.555509070291
8373,0.05104518526330636,5170.771187630984
8378,0.1330870858623646,5550.605555343842
8392,0.10507364701029273,5769.158993322081
8397,0.4796004989362574,4805.639415445901
8399,0.2060888224981137,5092.64906759642
8400,0.09878645960947617,4817.7008303549865
8405,0.5311556807719668,5542.139402802452
8406,0.048264409080042515,4850.7930447456565
8410,0.09378475372965905,4801.930447820474
8413,0.06342766701102022,5163.431482299002
8414,0.32121869739797176,4942.104147386406
8416,0.7501045874852209,4696.711488060032
8426,0.054859414206934735,4214.241465363908
8434,0.28382144117609504,5017.171827428525
8439,0.11164254160340922,4745.151614521257
8440,0.2303653123190789,3073.771537106672
8475,0.014642214822938388,5347.220485897287
8480,0.20644895720682352,4674.84832160462
8497,0.16019270613463746,4599.381615762644
8499,0.6632141785389,5873.477469429085
8500,0.33196806361805703,5070.718035528157
8501,0.05177635621777041,5413.119753698113
8502,0.6097084103570267,4389.865332022586
8518,0.4686818836403689,4361.760221817907
8520,0.540231479230488,4679.328172439075
8523,0.39260400774952686,5500.31426969689
8525,0.17492201891544573,5503.966880860755
8532,0.09450138343022965,5321.0129781823525
8535,0.3057085255497431,5264.750663788238
8543,0.22484547607580013,3784.2258695088963
8554,0.2955024349414688,4528.33291103167
8560,0.09290205491834397,4389.114066039236
8561,0.2042276743408609,5235.621727371539
8563,0.02058055048406149,5492.626198927333
8566,0.7804047694137205,4788.968239479247
8570,0.31939742583862646,5586.895354424982
8572,0.09918141436597008,4315.010726952216
8582,0.20867854908680808,4094.127213314627
8583,0.25776227952257086,4787.05355125427
8587,0.2647608004735632,4286.488107798514
8592,0.23117207379012017,4926.171970436979
8593,0.4206724801541692,4832.7989083283355
8607,0.02025459243108906,4472.392378927814
8609,0.19264885346532173,5407.355546355553
8610,0.037499057260239,5474.079588017801
8614,0.24611201900837418,4801.784487538365
8616,0.4249983376231752,5638.3920684308405
8622,0.21889796680406834,4814.647562058903
8623,0.10122445870856461,4798.2033939003595
8624,0.21096915003400432,5195.958156081631
8633,0.1341351184375569,4739.423940005243
8641,0.3179572578164592,5276.271264339866
8644,0.6524575388846464,4901.182714361635
8649,0.5860531711162514,5008.24545058961
8653,0.1703803409380682,4654.141693862826
8657,0.1404717665662365,5680.603187783424
8658,0.20556389226491742,3073.771537106672
8663,0.08757526428692032,5129.048889575068
8672,0.5922881982579582,5215.767690951034
8680,0.4579680608487781,4829.958429185258
8684,0.5810538804236043,3476.183732967961
8687,0.10040505322572003,4502.765136277709
8688,0.0933247137973252,3073.771537106672
8690,0.11642509153460341,4840.257580326688
8712,0.2983630508947759,3611.2760504389853
8717,0.2398452942157914,5316.193642742823
8730,0.042843931032334436,4764.373984247166
8739,0.1486356959611103,5556.312204761976
8744,0.03283309154095929,5047.4015205068445
8747,0.3271450378674562,4498.902924018248
8748,0.4017427593653754,5313.078523693694
8751,0.8011058370297215,4724.898422147195
8758,0.15640633604440637,5386.5578175143
8761,0.3301076270366809,4788.9743037459875
8763,0.007427728092755859,5201.712427138047
8764,0.41304944473510175,5664.958433144403
8765,0.1789308616661148,4849.795900759182
8773,0.11217300073959334,4292.940475568756
8780,0.13695862679757087,5035.146880261775
8781,0.15453690588564556,4831.65973101756
8782,0.40289420032557155,5488.131173323007
8785,0.08481886308836857,5584.361347637387
8786,0.18361701008285278,4857.2429628304835
8797,0.8426389222949656,5767.964214472107
8799,0.06541754334588133,4973.861182962186
8807,0.7314601624142348,4711.766736699365
8816,0.05190724974782745,4912.290027014713
8817,0.08219804688946329,3598.3578146260043
8826,0.33665887758637314,5488.800287437225
8833,0.2705375897133863,4986.480799706234
8834,0.05058238488549596,5428.372970814844
8835,0.08158789930787191,5265.658136150745
8840,0.09286357608830764,4804.052061277787
8843,0.10089088193721023,4948.856119334241
8849,0.3387424963334993,4537.365279855159
8855,0.12139712825494384,5473.332826104734
8861,0.35230690704201784,4959.559321555767
8862,0.24611473452205734,3476.183732967961
8865,0.2263949525904917,5428.4342182856435
8868,0.01132082416252595,5049.709456102162
8870,0.01792676307872186,5425.6629652234205
8880,0.2707133005326193,4718.219588666801
8885,0.04314935258735282,5230.448690915356
8894,0.18696905300907257,6037.209550837935
8895,0.13967266881578955,4720.660842199728
8899,0.038005543245183494,4377.654718617854
8912,0.3228044359920092,5383.658569973851
8922,0.021112127510029676,4328.943860973937
8924,0.15963206799565513,4812.480108162672
8928,0.27405555546181704,4136.8980676750325
8932,0.4223147942225451,4594.53024433945
8943,0.10147114234762555,5280.128992439927
8945,0.1254221999035003,4244.640181522682
8946,0.044703411043568404,4760.384004682719
8954,0.41628463004222116,5560.8657998921435
8958,0.51280935104644,4443.905836201589
8960,0.6329843878205167,5212.268508940462
8965,0.2852129396009565,5521.819331869965
8966,0.06106523947260986,4175.3087608579735
8967,0.0572564755174618,5497.038331667305
8969,0.3233694314807335,5027.887376853536
8980,0.18764354937576916,4141.055896879872
8984,0.019481372142625474,4281.617146133987
8985,0.6782789576973101,4810.254349842904
8988,0.3116627566276497,5449.7175840494565
8989,0.36296575647051604,5314.52197732445
8995,0.13656091477389246,4799.270122276201
9004,0.0792826645633353,5100.595659340726
9010,0.030742843843933786,5179.134007682929
9012,0.15958942268942405,5171.862233901434
9018,0.5358613015309055,4654.665461308622
9036,0.3305927678719787,3745.0218528350756
9037,0.20383061791591356,4615.475342665188
9040,0.11343783133551623,5470.728943196154
9041,0.30656158432405345,5330.9760689375225
9044,0.411966093549034,6336.692005281314
9045,0.07786869458635458,4886.831842547939
9047,0.35751855733597493,4968.0481229065645
9049,0.025943918519175012,4549.315308326099
9061,0.019093494963875128,4779.837446091755
9062,0.36947264145673286,5420.993396167736
9076,0.21757331360547355,5474.452695546433
9079,0.24333227962494874,4398.784026635345
9081,0.23527760283591667,5561.443954309087
9082,0.1052624429873222,5433.672076255492
9089,0.5683146863749939,4468.753103615878
9092,0.14748578751144073,5333.3020562193105
9094,0.2786302085117523,5716.9341731857385
9115,0.03121838708749168,4488.451389180475
9117,0.42881774633300296,4560.485118188613
9118,0.2743084670834672,4806.82357052114
9120,0.039061126092808464,5069.424913998546
9124,0.01656214929914893,5705.991813672581
9128,0.2029903493745482,5042.954190868753
9135,0.30915835903992506,5176.3084563790635
9136,0.7456537945263912,5385.4649200583945
9138,0.2887390261861113,4724.28857894149
9157,0.3826874454735751,5222.165663796566
9176,0.042465570512875514,4877.7167965786375
9183,0.2365585185359194,5094.935960421239
9187,0.47388084856676016,5263.597453736227
9188,0.4461910005367071,4484.777602606848
9190,0.09901994772307755,5015.950592387505
9197,0.030098566366036788,4379.503113127486
9200,0.05468917481121944,4218.811348976471
9201,0.16641232540079942,4732.230418597965
9203,0.025351965734688862,4535.520205832265
9212,0.4311177119916127,4066.8274985544726
9213,0.09283975464039214,4848.297741330354
9214,0.1208303192898212,5087.442567068349
9217,0.21743904463832317,4561.05159661942
9219,0.006389691476385751,4915.259555341558
9220,0.18015693810790506,4773.248519448041
9221,0.13160037069281447,5099.092589274473
9237,0.008469466908593602,5145.498874281457
9240,0.08543244537695922,5178.623191729763
9241,0.011285879492957325,4785.285158087379
9248,0.2135457736657377,4973.861182962186
9253,0.46061064829682374,5220.937855087188
9259,0.51841883303298,5365.050678575573
9267,0.11683403188589626,5568.567910443333
9271,0.3557372071975252,5461.093357378552
9273,0.2944918172601925,4321.013198304769
9285,0.0296733320860557,5101.313996571445
9290,0.19103786549535495,5720.852762681632
9291,0.09636722098085816,5642.181141429895
9293,0.07043046775596523,5634.495716330335
9294,0.05479480050076027,5023.533209728155
9301,0.1369479124349259,5344.666108085499
9302,0.04737583645267907,5370.90998905571
9312,0.02006610110045899,4758.482733161945
9316,0.26445510457639854,4871.197187218768
9319,0.6575131374146441,3668.0208600060523
9328,0.06105425765075823,5065.300052273153
9331,0.8283734897308384,3137.717246119369
9338,0.02904513439088879,4883.034805990568
9350,0.21420459887698126,5756.596487117104
9356,0.08915365183376397,5379.659035554398
9359,0.5983892140538036,4493.468305212207
9362,0.46084329838815774,5695.922235071327
9364,0.15833531555089828,5000.431210782808
9370,0.46488477409690465,4968.754410574795
9380,0.11196734369416796,4094.127213314627
9386,0.11612117069976256,5179.07286201762
9394,0.3688043102959319,5269.367181495964
9407,0.401410006514371,4542.5725623196395
9411,0.5250482305251942,5760.795454126052
9422,0.3359540294985741,5527.50364552192
9423,0.3059147275295152,4432.112019649381
9429,0.29003449691544875,4276.915976577786
9433,0.12423698390052569,5028.863946760521
9439,0.04070565940834596,5591.032571929831
9451,0.20708377664893862,4166.407874173348
9452,0.42033058976445786,5028.863946760521
9453,0.016723430154104605,4144.544945151953
9460,0.01556995733389625,4264.950553901498
9465,0.03346113230441288,4611.643189272181
9470,0.053933023876624554,4802.856639697633
9476,0.5349468822343574,4736.2712554931895
9485,0.6209011806509724,4876.425545685844
9486,0.0743169780379759,5122.905131849955
9488,0.2906489130598947,4619.199455519205
9507,0.010805991757226456,4910.2054832256035
9508,0.456790722802962,6123.358650471161
9517,0.36920900645585036,4241.2596808416765
9521,0.13810124449967656,5504.852450191895
9528,0.15035747985296835,4935.642190496885
9532,0.43443643288378375,5078.806055523599
9536,0.21315956853719378,5813.268452014232
9540,0.09140996179402008,5505.815691074649
9542,0.10204684153862525,4698.595318116713
9546,0.26580934913184423,5118.009097475071
9548,0.18457575703531323,4934.255238275655
9549,0.10709232367896138,4500.4804493609845
9554,0.11977267618781347,5433.232612393202
9555,0.40976195223465695,4404.249427102988
9558,0.02478791215271173,5657.362009875524
9573,0.7166258002696423,4736.704445561947
9575,0.5143080940926296,5405.075721377415
9584,0.7031021436218738,5108.469285126084
9586,0.09743120190408307,5389.779364101436
9588,0.10917139920314818,5454.805464753962
9591,0.4339892779377589,5777.203585169894
9592,0.7473087248147879,5622.1171704819535
9597,0.44047491720195825,5190.680235495698
9600,0.11554705279846285,4372.082562050369
9603,0.5745420420372471,5312.043140218802
9605,0.3577003785169628,4958.244943317446
9614,0.6495929215769073,4968.697219130056
9616,0.0190648981784752,4925.268529720413
9622,0.6359460012133722,5019.585196572825
9624,0.17088527010494017,4894.493715096472
9629,0.37662048236314244,5894.071665661146
9633,0.055404716295864964,5689.303164792227
9640,0.2564654207813591,5422.798950404559
9644,0.4756724645912678,4734.781452333458
9645,0.4332997791115245,4273.856171304542
9646,0.09974862844177271,5608.28919561986
9648,0.9620904631453676,3987.7494050695377
9649,0.0388174289489797,5006.56961190969
9660,0.23285505569653003,5305.016163209508
9664,0.4472300933795527,5157.807389540307
9675,0.04022953419366966,4878.189299877004
9679,0.668554263821687,4394.308829276768
9680,0.375382268347333,5373.499778089146
9682,0.05354858995958532,3476.183732967961
9697,0.02511037458784095,4777.647442423713
9701,0.17201393701107665,5420.683457410696
9704,0.37846988093598666,3946.688866187889
9705,0.17479468471987392,6086.997378035151
9707,0.22567626758072717,4834.4319892517615
9714,0.059074943945308045,4785.285158087379
9718,0.15417893787019218,4980.197036518763
9722,0.10579620613546462,4693.700072656731
9739,0.10177788236236007,5498.585539618504
9747,0.5748920152604248,4200.953390958994
9751,0.13360404896122927,3601.209609472285
9757,0.1593562242034364,5020.375662756604
9759,0.02245878014261255,4509.099114063929
9760,0.07813435532226268,4586.176306133551
9764,0.6726164298749413,5677.5551768218575
9776,0.3937633544757023,5356.038933241517
9778,0.23917113939723375,4942.464096303473
9786,0.06858104872608356,5059.769337281973
9803,0.6141827624626195,4864.8131375279845
9804,0.11741283239732754,4977.126090510363
9815,0.09664691721289273,4571.485004663364
9824,0.01573508733643567,5443.271966816976
9825,0.19330370277295628,5140.204155947107
9826,0.27023431745959753,5388.856894290946
9827,0.021017543759470625,4754.2653919105105
9833,0.07223676024551114,4500.4804493609845
9835,0.07391821073691733,4816.659534884355
9860,0.49809574560620906,5012.322583809584
9865,0.21406219866977183,5172.55973562317
9871,0.2129808807534741,5733.591165278715
9874,0.27666747181475426,5138.372786612967
9880,0.2566678843922518,5009.4940448686575
9882,0.3826785497602043,6208.80058725592
9885,0.053695804449561436,4784.742130883562
9888,0.6184384368549037,4504.772007899652
9892,0.040027164336934346,5386.528589559861
9893,0.3068641700003542,5579.861972203702
9896,0.22633771619543086,5776.982615695281
9902,0.09710013253764138,3073.771537106672
9906,0.17161490888318728,4483.011432000544
9910,0.3840925075773198,4261.2226480138415
9914,0.38568919849300465,3137.717246119369
9918,0.4712804084125521,4379.041670839084
9920,0.2721397186905194,4659.30903345323
9926,0.19787849650416509,5346.873186596423
9931,0.06920880684412051,4234.567786322526
9935,0.31739070844440326,5644.929105284674
9945,0.8910079162542637,4699.71153564774
9953,0.28997765595374114,5626.503808274651
9957,0.0097629816716264,5282.913764040801
9963,0.13532098737373918,4932.018447808201
9972,0.21629048901317602,4795.530041202055
9976,0.4189352398717978,5762.022995769183
9979,0.38720194959056614,5209.635675619749
9980,0.01933528201835366,5035.364881867505
9982,0.08807095919926447,5262.547573202271
9991,0.6023607620028755,5321.9793707488225
10000,0.21442544361752944,5055.830095475545
10003,0.23753144669816464,5263.597453736227
10005,0.9053222185114048,4987.3551412320185
10014,0.01746013509861572,5064.1667357162405
10032,0.3647869236166403,4950.527098715269
10034,0.3397033761109519,5720.99750416602
10041,0.015430150891094636,5156.364004405266
10042,0.03332166204639603,4261.991721925326
10044,0.05649915046256623,4066.8274985544726
10045,0.3299244240558312,4577.612911002054
10054,0.6124814881099011,5306.8536968150365
10061,0.12395869735517225,5781.738453665568
10062,0.5561752733717783,4898.882647205248
10073,0.1848109635866462,4623.086979921234
10081,0.037628629768658536,5084.882472263493
10084,0.38362174731732573,5359.340496721829
10086,0.15188507200564855,5661.1696590012625
10093,0.34109681297868916,4855.768238942372
10101,0.6956492177849658,5077.537361212906
10105,0.28881161530512783,5625.314933373693
10110,0.45677506067803497,5005.936427495623
10113,0.6069897046448337,5789.081939491733
10115,0.5331280265125323,4526.338353532017
10119,0.5368000863731921,4702.492882693505
10121,0.46003867916108926,4023.9577158261686
10124,0.8146816132905516,5080.3857421362145
10126,0.2335251632338451,5534.283453562421
10127,0.03107146711705131,5953.017751205131
10145,0.1475244852289233,4648.31957784308
10147,0.5947883538374836,4756.576720310775
10148,0.01475794949335692,5286.303174283721
10162,0.38371738003595884,3844.164618496687
10163,0.02614239143858027,5185.8031220457815
10166,0.8289894135970466,4878.871589584663
10172,0.07981995603403971,4509.7217485724905
10173,0.42081403889849905,4841.95914218434
10175,0.02918674871666239,4336.627266132442
10180,0.11405676347021232,3073.771537106672
10186,0.0370793312653944,5173.866808634706
10192,0.41088212549699066,5140.334332608844
10199,0.31647864644253326,5260.149059036729
10209,0.9007196659830518,4663.634843875131
10210,0.16482129165467296,4863.813547766995
10214,0.05494216223107232,5089.374224778616
10215,0.2537443598972647,5316.588203752759
10216,0.7202684674349696,5452.178011929186
10232,0.3152328733113873,5249.019086065417
10239,0.25354495600637217,5178.623191729763
10249,0.03971842402615118,5320.474161975882
10253,0.4292998186392802,3393.5000821701574
10255,0.1283907998509958,5550.605555343842
10262,0.06483218814313269,5550.605555343842
10264,0.040631971532711655,4173.996639064091
10266,0.1498465480689637,5321.326561548884
10268,0.21765236191972323,5513.183058363624
10271,0.17309775133753244,5394.711593870956
10272,0.2935497227309318,4468.294188105236
10276,0.4794689724953668,5684.893802325563
10277,0.025784578711685754,5112.701592460533
10279,0.37303503410257066,3265.608664144763
10281,0.026253365609486205,5014.693028718872
10285,0.005915588350830553,5094.824526628368
10294,0.3245582434558425,5901.719440903213
10300,0.14002774193944484,4771.039527282564
